item_id,source,gold,selected_C1,previous_deployed,keyword_baseline,zero_shot_base,zero_shot_large_reference
H001,gdelt,OPERATIONAL_ESG,OTHER,OPERATIONAL_ESG,OPERATIONAL_ESG,MERGER_ACQUISITION,REGULATORY_LEGAL
H002,gdelt,OTHER,OTHER,OTHER,OTHER,MERGER_ACQUISITION,CREDIT_EVENT
H003,gdelt,MACROECONOMIC,MACROECONOMIC,MACROECONOMIC,MACROECONOMIC,MACROECONOMIC,MACROECONOMIC
H004,gdelt,GEOPOLITICAL,GEOPOLITICAL,GEOPOLITICAL,GEOPOLITICAL,GEOPOLITICAL,GEOPOLITICAL
H005,gdelt,OTHER,MANAGEMENT_CHANGE,MANAGEMENT_CHANGE,MANAGEMENT_CHANGE,MERGER_ACQUISITION,MERGER_ACQUISITION
H006,kaggle_tweets,OTHER,OTHER,OTHER,OTHER,PRODUCT_LAUNCH,PRODUCT_LAUNCH
H007,gdelt,OTHER,OTHER,PRODUCT_LAUNCH,PRODUCT_LAUNCH,PRODUCT_LAUNCH,MERGER_ACQUISITION
H008,kaggle_tweets,OTHER,OTHER,OTHER,OTHER,OTHER,GEOPOLITICAL
H009,gdelt,MACROECONOMIC,MACROECONOMIC,MACROECONOMIC,MACROECONOMIC,MACROECONOMIC,MACROECONOMIC
H010,gdelt,OTHER,GEOPOLITICAL,GEOPOLITICAL,GEOPOLITICAL,GEOPOLITICAL,GEOPOLITICAL
H011,gdelt,GEOPOLITICAL,GEOPOLITICAL,GEOPOLITICAL,GEOPOLITICAL,GEOPOLITICAL,GEOPOLITICAL
H012,gdelt,GEOPOLITICAL,GEOPOLITICAL,GEOPOLITICAL,GEOPOLITICAL,GEOPOLITICAL,GEOPOLITICAL
H013,gdelt,OTHER,REGULATORY_LEGAL,REGULATORY_LEGAL,OTHER,OTHER,OTHER
H014,gdelt,GEOPOLITICAL,GEOPOLITICAL,GEOPOLITICAL,GEOPOLITICAL,GEOPOLITICAL,GEOPOLITICAL
H015,gdelt,OTHER,OTHER,OTHER,CREDIT_EVENT,OTHER,OTHER
H016,gdelt,MACROECONOMIC,MACROECONOMIC,MACROECONOMIC,MACROECONOMIC,MACROECONOMIC,MACROECONOMIC
H017,gdelt,OTHER,GEOPOLITICAL,GEOPOLITICAL,GEOPOLITICAL,OTHER,GEOPOLITICAL
H018,gdelt,OTHER,OTHER,MACROECONOMIC,MACROECONOMIC,OTHER,OTHER
H019,gdelt,OTHER,OTHER,OTHER,OTHER,MERGER_ACQUISITION,OPERATIONAL_ESG
H020,gdelt,OTHER,MACROECONOMIC,MACROECONOMIC,MACROECONOMIC,MACROECONOMIC,MACROECONOMIC
H021,gdelt,OTHER,OTHER,OTHER,OTHER,CREDIT_EVENT,REGULATORY_LEGAL
H022,gdelt,MACROECONOMIC,MACROECONOMIC,MACROECONOMIC,MACROECONOMIC,MACROECONOMIC,MACROECONOMIC
H023,kaggle_tweets,OTHER,OTHER,OTHER,OTHER,PRODUCT_LAUNCH,REGULATORY_LEGAL
H024,gdelt,GEOPOLITICAL,GEOPOLITICAL,GEOPOLITICAL,GEOPOLITICAL,GEOPOLITICAL,GEOPOLITICAL
H025,kaggle_tweets,EARNINGS,OTHER,EARNINGS,OTHER,CREDIT_EVENT,EARNINGS
H026,gdelt,OTHER,OTHER,OTHER,OTHER,MERGER_ACQUISITION,OTHER
H027,gdelt,PRODUCT_LAUNCH,OTHER,PRODUCT_LAUNCH,OTHER,PRODUCT_LAUNCH,PRODUCT_LAUNCH
H028,gdelt,MACROECONOMIC,MACROECONOMIC,MACROECONOMIC,MACROECONOMIC,MACROECONOMIC,REGULATORY_LEGAL
H029,gdelt,OTHER,GEOPOLITICAL,GEOPOLITICAL,GEOPOLITICAL,GEOPOLITICAL,GEOPOLITICAL
H030,gdelt,OTHER,MERGER_ACQUISITION,MERGER_ACQUISITION,OTHER,MERGER_ACQUISITION,MERGER_ACQUISITION
H031,gdelt,GEOPOLITICAL,GEOPOLITICAL,REGULATORY_LEGAL,GEOPOLITICAL,GEOPOLITICAL,GEOPOLITICAL
H032,gdelt,MERGER_ACQUISITION,MERGER_ACQUISITION,MERGER_ACQUISITION,OTHER,MERGER_ACQUISITION,MERGER_ACQUISITION
H033,gdelt,OTHER,GEOPOLITICAL,GEOPOLITICAL,GEOPOLITICAL,GEOPOLITICAL,GEOPOLITICAL
H034,gdelt,GEOPOLITICAL,GEOPOLITICAL,GEOPOLITICAL,GEOPOLITICAL,GEOPOLITICAL,GEOPOLITICAL
H035,gdelt,GEOPOLITICAL,GEOPOLITICAL,GEOPOLITICAL,GEOPOLITICAL,GEOPOLITICAL,GEOPOLITICAL
H036,kaggle_tweets,OTHER,OTHER,OTHER,OTHER,OTHER,OTHER
H037,gdelt,CREDIT_EVENT,CREDIT_EVENT,CREDIT_EVENT,CREDIT_EVENT,CREDIT_EVENT,CREDIT_EVENT
H038,kaggle_tweets,OTHER,OTHER,OTHER,OTHER,EARNINGS,REGULATORY_LEGAL
H039,gdelt,OTHER,OTHER,OTHER,OTHER,MERGER_ACQUISITION,REGULATORY_LEGAL
H040,gdelt,MACROECONOMIC,MACROECONOMIC,MACROECONOMIC,MACROECONOMIC,MACROECONOMIC,MACROECONOMIC
H041,gdelt,OTHER,OTHER,MERGER_ACQUISITION,OTHER,EARNINGS,EARNINGS
H042,gdelt,GEOPOLITICAL,GEOPOLITICAL,GEOPOLITICAL,GEOPOLITICAL,GEOPOLITICAL,GEOPOLITICAL
H043,gdelt,OTHER,OTHER,OTHER,OTHER,PRODUCT_LAUNCH,REGULATORY_LEGAL
H044,gdelt,PRODUCT_LAUNCH,PRODUCT_LAUNCH,PRODUCT_LAUNCH,PRODUCT_LAUNCH,PRODUCT_LAUNCH,PRODUCT_LAUNCH
H045,gdelt,GEOPOLITICAL,GEOPOLITICAL,GEOPOLITICAL,GEOPOLITICAL,GEOPOLITICAL,GEOPOLITICAL
H046,gdelt,REGULATORY_LEGAL,REGULATORY_LEGAL,REGULATORY_LEGAL,REGULATORY_LEGAL,REGULATORY_LEGAL,REGULATORY_LEGAL
H047,gdelt,PRODUCT_LAUNCH,MERGER_ACQUISITION,MERGER_ACQUISITION,OTHER,PRODUCT_LAUNCH,REGULATORY_LEGAL
H048,gdelt,GEOPOLITICAL,GEOPOLITICAL,GEOPOLITICAL,GEOPOLITICAL,GEOPOLITICAL,GEOPOLITICAL
H049,gdelt,MACROECONOMIC,GEOPOLITICAL,GEOPOLITICAL,GEOPOLITICAL,MACROECONOMIC,GEOPOLITICAL
H050,gdelt,GEOPOLITICAL,GEOPOLITICAL,GEOPOLITICAL,GEOPOLITICAL,GEOPOLITICAL,GEOPOLITICAL
H051,kaggle_tweets,OTHER,OTHER,OTHER,OTHER,PRODUCT_LAUNCH,EARNINGS
H052,gdelt,MACROECONOMIC,MACROECONOMIC,MACROECONOMIC,MACROECONOMIC,MACROECONOMIC,MACROECONOMIC
H053,gdelt,MACROECONOMIC,OTHER,OTHER,MACROECONOMIC,MACROECONOMIC,MACROECONOMIC
H054,kaggle_tweets,OTHER,EARNINGS,EARNINGS,EARNINGS,MACROECONOMIC,EARNINGS
H055,gdelt,OTHER,OTHER,OTHER,OTHER,MERGER_ACQUISITION,OTHER
H056,gdelt,OPERATIONAL_ESG,OPERATIONAL_ESG,OPERATIONAL_ESG,OPERATIONAL_ESG,OPERATIONAL_ESG,OPERATIONAL_ESG
H057,gdelt,MACROECONOMIC,OTHER,OTHER,GEOPOLITICAL,MACROECONOMIC,MACROECONOMIC
H058,kaggle_tweets,OTHER,OTHER,OTHER,OTHER,EARNINGS,EARNINGS
H059,kaggle_tweets,OTHER,OTHER,EARNINGS,OPERATIONAL_ESG,EARNINGS,OTHER
H060,gdelt,OTHER,MERGER_ACQUISITION,MERGER_ACQUISITION,OTHER,MERGER_ACQUISITION,MERGER_ACQUISITION
H061,gdelt,OTHER,GEOPOLITICAL,GEOPOLITICAL,GEOPOLITICAL,REGULATORY_LEGAL,GEOPOLITICAL
H062,gdelt,MACROECONOMIC,MACROECONOMIC,MACROECONOMIC,MACROECONOMIC,MACROECONOMIC,MERGER_ACQUISITION
H063,gdelt,OTHER,OTHER,MACROECONOMIC,OTHER,OPERATIONAL_ESG,REGULATORY_LEGAL
H064,gdelt,OTHER,OTHER,OTHER,OTHER,MERGER_ACQUISITION,REGULATORY_LEGAL
H065,gdelt,MACROECONOMIC,MACROECONOMIC,MACROECONOMIC,MACROECONOMIC,MACROECONOMIC,MACROECONOMIC
H066,gdelt,OTHER,MACROECONOMIC,MACROECONOMIC,OTHER,OTHER,MACROECONOMIC
H067,gdelt,OTHER,OTHER,OTHER,OTHER,EARNINGS,OTHER
H068,kaggle_tweets,OTHER,PRODUCT_LAUNCH,PRODUCT_LAUNCH,OTHER,EARNINGS,EARNINGS
H069,gdelt,REGULATORY_LEGAL,REGULATORY_LEGAL,REGULATORY_LEGAL,OTHER,REGULATORY_LEGAL,REGULATORY_LEGAL
H070,gdelt,CREDIT_EVENT,CREDIT_EVENT,CREDIT_EVENT,CREDIT_EVENT,CREDIT_EVENT,CREDIT_EVENT
H071,gdelt,OTHER,OTHER,PRODUCT_LAUNCH,OTHER,OTHER,MANAGEMENT_CHANGE
H072,gdelt,OTHER,PRODUCT_LAUNCH,PRODUCT_LAUNCH,OTHER,PRODUCT_LAUNCH,PRODUCT_LAUNCH
H073,gdelt,REGULATORY_LEGAL,REGULATORY_LEGAL,REGULATORY_LEGAL,OTHER,REGULATORY_LEGAL,REGULATORY_LEGAL
H074,gdelt,MACROECONOMIC,OTHER,OTHER,OTHER,OTHER,OTHER
H075,gdelt,GEOPOLITICAL,GEOPOLITICAL,GEOPOLITICAL,GEOPOLITICAL,GEOPOLITICAL,GEOPOLITICAL
H076,gdelt,MERGER_ACQUISITION,OTHER,MERGER_ACQUISITION,MERGER_ACQUISITION,MERGER_ACQUISITION,MERGER_ACQUISITION
H077,gdelt,MANAGEMENT_CHANGE,MANAGEMENT_CHANGE,MANAGEMENT_CHANGE,MANAGEMENT_CHANGE,MANAGEMENT_CHANGE,MERGER_ACQUISITION
H078,gdelt,REGULATORY_LEGAL,REGULATORY_LEGAL,REGULATORY_LEGAL,REGULATORY_LEGAL,REGULATORY_LEGAL,REGULATORY_LEGAL
H079,gdelt,REGULATORY_LEGAL,PRODUCT_LAUNCH,PRODUCT_LAUNCH,OTHER,OTHER,REGULATORY_LEGAL
H080,gdelt,CREDIT_EVENT,OTHER,OTHER,CREDIT_EVENT,CREDIT_EVENT,CREDIT_EVENT
H081,gdelt,MACROECONOMIC,MACROECONOMIC,OTHER,MACROECONOMIC,MACROECONOMIC,MACROECONOMIC
H082,kaggle_tweets,OTHER,OTHER,OTHER,MACROECONOMIC,MACROECONOMIC,EARNINGS
H083,kaggle_tweets,OTHER,EARNINGS,EARNINGS,OTHER,CREDIT_EVENT,OTHER
H084,gdelt,MERGER_ACQUISITION,OTHER,MERGER_ACQUISITION,GEOPOLITICAL,MERGER_ACQUISITION,MERGER_ACQUISITION
H085,gdelt,EARNINGS,EARNINGS,EARNINGS,EARNINGS,EARNINGS,EARNINGS
H086,gdelt,OTHER,OTHER,OTHER,OTHER,MERGER_ACQUISITION,EARNINGS
H087,gdelt,OTHER,OTHER,OTHER,MERGER_ACQUISITION,MERGER_ACQUISITION,MERGER_ACQUISITION
H088,gdelt,PRODUCT_LAUNCH,PRODUCT_LAUNCH,PRODUCT_LAUNCH,OTHER,PRODUCT_LAUNCH,PRODUCT_LAUNCH
H089,kaggle_tweets,OTHER,OTHER,OTHER,OTHER,MERGER_ACQUISITION,OTHER
H090,kaggle_tweets,OTHER,EARNINGS,EARNINGS,OTHER,OTHER,MERGER_ACQUISITION
H091,gdelt,OTHER,MACROECONOMIC,MACROECONOMIC,GEOPOLITICAL,OTHER,OTHER
H092,gdelt,OTHER,PRODUCT_LAUNCH,PRODUCT_LAUNCH,OTHER,MERGER_ACQUISITION,REGULATORY_LEGAL
H093,gdelt,OTHER,GEOPOLITICAL,OTHER,OTHER,GEOPOLITICAL,GEOPOLITICAL
H094,gdelt,OTHER,MACROECONOMIC,OTHER,OTHER,MACROECONOMIC,OTHER
H095,kaggle_tweets,OTHER,OTHER,OTHER,OTHER,OTHER,OTHER
H096,gdelt,GEOPOLITICAL,GEOPOLITICAL,GEOPOLITICAL,GEOPOLITICAL,GEOPOLITICAL,GEOPOLITICAL
H097,gdelt,OTHER,MANAGEMENT_CHANGE,MANAGEMENT_CHANGE,MANAGEMENT_CHANGE,PRODUCT_LAUNCH,PRODUCT_LAUNCH
H098,gdelt,OTHER,OTHER,OTHER,OTHER,EARNINGS,EARNINGS
H099,kaggle_tweets,OTHER,OTHER,OTHER,OTHER,MERGER_ACQUISITION,MERGER_ACQUISITION
H100,kaggle_tweets,OTHER,OTHER,OTHER,OTHER,MERGER_ACQUISITION,REGULATORY_LEGAL
H101,gdelt,MACROECONOMIC,MACROECONOMIC,MACROECONOMIC,MACROECONOMIC,MACROECONOMIC,MACROECONOMIC
H102,gdelt,GEOPOLITICAL,GEOPOLITICAL,GEOPOLITICAL,GEOPOLITICAL,GEOPOLITICAL,GEOPOLITICAL
H103,gdelt,OTHER,OTHER,OTHER,OTHER,EARNINGS,CREDIT_EVENT
H104,gdelt,GEOPOLITICAL,GEOPOLITICAL,GEOPOLITICAL,GEOPOLITICAL,GEOPOLITICAL,GEOPOLITICAL
H105,gdelt,OTHER,CREDIT_EVENT,CREDIT_EVENT,CREDIT_EVENT,CREDIT_EVENT,CREDIT_EVENT
H106,gdelt,MACROECONOMIC,MACROECONOMIC,MACROECONOMIC,MACROECONOMIC,MACROECONOMIC,MACROECONOMIC
H107,gdelt,GEOPOLITICAL,GEOPOLITICAL,GEOPOLITICAL,GEOPOLITICAL,GEOPOLITICAL,GEOPOLITICAL
H108,gdelt,GEOPOLITICAL,GEOPOLITICAL,GEOPOLITICAL,GEOPOLITICAL,GEOPOLITICAL,GEOPOLITICAL
H109,gdelt,MERGER_ACQUISITION,MERGER_ACQUISITION,MERGER_ACQUISITION,MERGER_ACQUISITION,MERGER_ACQUISITION,MERGER_ACQUISITION
H110,gdelt,PRODUCT_LAUNCH,OTHER,OTHER,OTHER,PRODUCT_LAUNCH,MERGER_ACQUISITION
H111,gdelt,OTHER,MANAGEMENT_CHANGE,MANAGEMENT_CHANGE,OTHER,MERGER_ACQUISITION,MERGER_ACQUISITION
H112,gdelt,OTHER,PRODUCT_LAUNCH,PRODUCT_LAUNCH,OTHER,PRODUCT_LAUNCH,PRODUCT_LAUNCH
H113,kaggle_tweets,OTHER,MERGER_ACQUISITION,MERGER_ACQUISITION,OTHER,MERGER_ACQUISITION,MERGER_ACQUISITION
H114,gdelt,OTHER,OTHER,OTHER,OTHER,PRODUCT_LAUNCH,MERGER_ACQUISITION
H115,kaggle_tweets,OTHER,EARNINGS,EARNINGS,OTHER,EARNINGS,EARNINGS
H116,kaggle_tweets,OTHER,OTHER,OTHER,OTHER,CREDIT_EVENT,CREDIT_EVENT
H117,gdelt,OTHER,REGULATORY_LEGAL,REGULATORY_LEGAL,OTHER,OTHER,REGULATORY_LEGAL
H118,gdelt,OPERATIONAL_ESG,OPERATIONAL_ESG,OPERATIONAL_ESG,OPERATIONAL_ESG,OPERATIONAL_ESG,OPERATIONAL_ESG
H119,gdelt,OTHER,MANAGEMENT_CHANGE,MANAGEMENT_CHANGE,MANAGEMENT_CHANGE,OPERATIONAL_ESG,REGULATORY_LEGAL
H120,gdelt,MACROECONOMIC,MACROECONOMIC,MACROECONOMIC,MACROECONOMIC,MACROECONOMIC,OTHER
H121,gdelt,MERGER_ACQUISITION,MERGER_ACQUISITION,MERGER_ACQUISITION,GEOPOLITICAL,MERGER_ACQUISITION,MERGER_ACQUISITION
H122,gdelt,OTHER,PRODUCT_LAUNCH,PRODUCT_LAUNCH,PRODUCT_LAUNCH,PRODUCT_LAUNCH,PRODUCT_LAUNCH
H123,gdelt,OTHER,OTHER,MANAGEMENT_CHANGE,OTHER,OTHER,OTHER
H124,kaggle_tweets,OTHER,OTHER,OTHER,OTHER,PRODUCT_LAUNCH,EARNINGS
H125,kaggle_tweets,OTHER,OTHER,OTHER,OTHER,MACROECONOMIC,OTHER
H126,gdelt,OTHER,OPERATIONAL_ESG,OTHER,MACROECONOMIC,MACROECONOMIC,OTHER
H127,gdelt,REGULATORY_LEGAL,CREDIT_EVENT,CREDIT_EVENT,CREDIT_EVENT,CREDIT_EVENT,CREDIT_EVENT
H128,gdelt,MACROECONOMIC,MACROECONOMIC,MACROECONOMIC,MACROECONOMIC,MACROECONOMIC,MACROECONOMIC
H129,gdelt,OTHER,OTHER,OTHER,OTHER,OTHER,OTHER
H130,gdelt,GEOPOLITICAL,GEOPOLITICAL,GEOPOLITICAL,GEOPOLITICAL,GEOPOLITICAL,GEOPOLITICAL
H131,gdelt,OTHER,GEOPOLITICAL,GEOPOLITICAL,GEOPOLITICAL,OPERATIONAL_ESG,GEOPOLITICAL
H132,kaggle_tweets,OTHER,MERGER_ACQUISITION,MERGER_ACQUISITION,MERGER_ACQUISITION,MERGER_ACQUISITION,MERGER_ACQUISITION
H133,gdelt,MACROECONOMIC,MACROECONOMIC,MACROECONOMIC,MACROECONOMIC,MACROECONOMIC,MACROECONOMIC
H134,gdelt,GEOPOLITICAL,GEOPOLITICAL,GEOPOLITICAL,GEOPOLITICAL,GEOPOLITICAL,GEOPOLITICAL
H135,kaggle_tweets,OTHER,EARNINGS,EARNINGS,EARNINGS,EARNINGS,REGULATORY_LEGAL
H136,gdelt,OPERATIONAL_ESG,OTHER,PRODUCT_LAUNCH,OTHER,REGULATORY_LEGAL,OPERATIONAL_ESG
H137,gdelt,GEOPOLITICAL,GEOPOLITICAL,GEOPOLITICAL,GEOPOLITICAL,GEOPOLITICAL,GEOPOLITICAL
H138,gdelt,REGULATORY_LEGAL,OTHER,MERGER_ACQUISITION,REGULATORY_LEGAL,MERGER_ACQUISITION,REGULATORY_LEGAL
H139,gdelt,PRODUCT_LAUNCH,PRODUCT_LAUNCH,PRODUCT_LAUNCH,OTHER,PRODUCT_LAUNCH,PRODUCT_LAUNCH
H140,gdelt,GEOPOLITICAL,GEOPOLITICAL,GEOPOLITICAL,GEOPOLITICAL,GEOPOLITICAL,GEOPOLITICAL
H141,kaggle_tweets,OPERATIONAL_ESG,MACROECONOMIC,MACROECONOMIC,OTHER,MERGER_ACQUISITION,MERGER_ACQUISITION
H142,gdelt,OTHER,OTHER,OTHER,MACROECONOMIC,MACROECONOMIC,OTHER
H143,kaggle_tweets,OTHER,OTHER,EARNINGS,OTHER,EARNINGS,OTHER
H144,gdelt,GEOPOLITICAL,OTHER,OTHER,OTHER,GEOPOLITICAL,CREDIT_EVENT
H145,gdelt,OTHER,OTHER,MANAGEMENT_CHANGE,MANAGEMENT_CHANGE,MACROECONOMIC,MACROECONOMIC
H146,kaggle_tweets,OTHER,OTHER,OTHER,OTHER,MERGER_ACQUISITION,OTHER
H147,gdelt,OTHER,GEOPOLITICAL,GEOPOLITICAL,GEOPOLITICAL,GEOPOLITICAL,GEOPOLITICAL
H148,gdelt,MACROECONOMIC,MACROECONOMIC,MACROECONOMIC,MACROECONOMIC,MACROECONOMIC,MACROECONOMIC
H149,gdelt,OTHER,OTHER,GEOPOLITICAL,GEOPOLITICAL,OTHER,OTHER
H150,kaggle_tweets,OTHER,OTHER,OTHER,OTHER,MACROECONOMIC,EARNINGS
H151,gdelt,PRODUCT_LAUNCH,PRODUCT_LAUNCH,PRODUCT_LAUNCH,OTHER,PRODUCT_LAUNCH,PRODUCT_LAUNCH
H152,gdelt,MACROECONOMIC,MACROECONOMIC,MACROECONOMIC,MACROECONOMIC,MACROECONOMIC,MACROECONOMIC
H153,gdelt,OTHER,EARNINGS,EARNINGS,OTHER,MERGER_ACQUISITION,EARNINGS
H154,kaggle_tweets,OTHER,OTHER,OTHER,OTHER,MERGER_ACQUISITION,OTHER
H155,gdelt,GEOPOLITICAL,GEOPOLITICAL,GEOPOLITICAL,GEOPOLITICAL,GEOPOLITICAL,GEOPOLITICAL
H156,gdelt,OTHER,GEOPOLITICAL,GEOPOLITICAL,GEOPOLITICAL,OTHER,GEOPOLITICAL
H157,gdelt,OTHER,OTHER,OTHER,OTHER,MERGER_ACQUISITION,MANAGEMENT_CHANGE
H158,gdelt,GEOPOLITICAL,GEOPOLITICAL,GEOPOLITICAL,GEOPOLITICAL,GEOPOLITICAL,GEOPOLITICAL
H159,gdelt,MERGER_ACQUISITION,OTHER,REGULATORY_LEGAL,OTHER,MERGER_ACQUISITION,MERGER_ACQUISITION
H160,kaggle_tweets,OTHER,OTHER,OTHER,OTHER,MERGER_ACQUISITION,OTHER
H161,kaggle_tweets,OTHER,EARNINGS,EARNINGS,OTHER,EARNINGS,MERGER_ACQUISITION
H162,gdelt,MACROECONOMIC,MACROECONOMIC,MACROECONOMIC,MACROECONOMIC,MACROECONOMIC,MACROECONOMIC
H163,gdelt,OTHER,OTHER,OTHER,OTHER,MERGER_ACQUISITION,OTHER
H164,kaggle_tweets,OTHER,OTHER,OTHER,OTHER,MACROECONOMIC,OTHER
H165,gdelt,GEOPOLITICAL,GEOPOLITICAL,GEOPOLITICAL,GEOPOLITICAL,GEOPOLITICAL,GEOPOLITICAL
H166,gdelt,MERGER_ACQUISITION,MERGER_ACQUISITION,MERGER_ACQUISITION,MERGER_ACQUISITION,MERGER_ACQUISITION,MERGER_ACQUISITION
H167,gdelt,PRODUCT_LAUNCH,PRODUCT_LAUNCH,PRODUCT_LAUNCH,PRODUCT_LAUNCH,PRODUCT_LAUNCH,PRODUCT_LAUNCH
H168,kaggle_tweets,OTHER,MERGER_ACQUISITION,MERGER_ACQUISITION,OTHER,MERGER_ACQUISITION,MERGER_ACQUISITION
H169,gdelt,GEOPOLITICAL,OTHER,MERGER_ACQUISITION,GEOPOLITICAL,OTHER,GEOPOLITICAL
H170,gdelt,REGULATORY_LEGAL,REGULATORY_LEGAL,REGULATORY_LEGAL,REGULATORY_LEGAL,REGULATORY_LEGAL,REGULATORY_LEGAL
H171,gdelt,MACROECONOMIC,GEOPOLITICAL,GEOPOLITICAL,GEOPOLITICAL,OTHER,MACROECONOMIC
H172,gdelt,MACROECONOMIC,MACROECONOMIC,MACROECONOMIC,MACROECONOMIC,MACROECONOMIC,MACROECONOMIC
H173,kaggle_tweets,OTHER,EARNINGS,EARNINGS,EARNINGS,EARNINGS,EARNINGS
H174,gdelt,MACROECONOMIC,OTHER,MANAGEMENT_CHANGE,MACROECONOMIC,MACROECONOMIC,MACROECONOMIC
H175,gdelt,MACROECONOMIC,MACROECONOMIC,MACROECONOMIC,MACROECONOMIC,MACROECONOMIC,OTHER
H176,gdelt,GEOPOLITICAL,GEOPOLITICAL,GEOPOLITICAL,GEOPOLITICAL,GEOPOLITICAL,GEOPOLITICAL
H177,gdelt,OTHER,GEOPOLITICAL,OTHER,OTHER,OTHER,OTHER
H178,gdelt,PRODUCT_LAUNCH,PRODUCT_LAUNCH,PRODUCT_LAUNCH,OTHER,PRODUCT_LAUNCH,PRODUCT_LAUNCH
H179,gdelt,CREDIT_EVENT,CREDIT_EVENT,CREDIT_EVENT,CREDIT_EVENT,CREDIT_EVENT,CREDIT_EVENT
H180,kaggle_tweets,REGULATORY_LEGAL,REGULATORY_LEGAL,REGULATORY_LEGAL,REGULATORY_LEGAL,CREDIT_EVENT,MERGER_ACQUISITION
H181,kaggle_tweets,OTHER,OPERATIONAL_ESG,OPERATIONAL_ESG,OPERATIONAL_ESG,REGULATORY_LEGAL,OPERATIONAL_ESG
H182,gdelt,GEOPOLITICAL,GEOPOLITICAL,GEOPOLITICAL,GEOPOLITICAL,GEOPOLITICAL,GEOPOLITICAL
H183,gdelt,OTHER,GEOPOLITICAL,GEOPOLITICAL,GEOPOLITICAL,GEOPOLITICAL,GEOPOLITICAL
H184,kaggle_tweets,EARNINGS,EARNINGS,EARNINGS,EARNINGS,EARNINGS,EARNINGS
H185,gdelt,PRODUCT_LAUNCH,MERGER_ACQUISITION,PRODUCT_LAUNCH,OTHER,PRODUCT_LAUNCH,PRODUCT_LAUNCH
H186,gdelt,OTHER,MACROECONOMIC,MACROECONOMIC,MACROECONOMIC,GEOPOLITICAL,GEOPOLITICAL
H187,gdelt,GEOPOLITICAL,GEOPOLITICAL,GEOPOLITICAL,GEOPOLITICAL,GEOPOLITICAL,GEOPOLITICAL
H188,gdelt,MACROECONOMIC,MACROECONOMIC,MACROECONOMIC,MACROECONOMIC,MACROECONOMIC,MACROECONOMIC
H189,gdelt,GEOPOLITICAL,GEOPOLITICAL,GEOPOLITICAL,GEOPOLITICAL,PRODUCT_LAUNCH,GEOPOLITICAL
H190,gdelt,GEOPOLITICAL,GEOPOLITICAL,GEOPOLITICAL,GEOPOLITICAL,GEOPOLITICAL,GEOPOLITICAL
H191,gdelt,GEOPOLITICAL,GEOPOLITICAL,GEOPOLITICAL,GEOPOLITICAL,GEOPOLITICAL,GEOPOLITICAL
H192,gdelt,OTHER,PRODUCT_LAUNCH,PRODUCT_LAUNCH,OTHER,PRODUCT_LAUNCH,PRODUCT_LAUNCH
H193,kaggle_tweets,OTHER,PRODUCT_LAUNCH,OTHER,PRODUCT_LAUNCH,EARNINGS,EARNINGS
H194,kaggle_tweets,OTHER,OTHER,OTHER,MERGER_ACQUISITION,MERGER_ACQUISITION,OTHER
H195,gdelt,OTHER,GEOPOLITICAL,GEOPOLITICAL,OTHER,OTHER,GEOPOLITICAL
H196,gdelt,OTHER,PRODUCT_LAUNCH,PRODUCT_LAUNCH,OTHER,OTHER,OTHER
H197,gdelt,PRODUCT_LAUNCH,PRODUCT_LAUNCH,PRODUCT_LAUNCH,OTHER,PRODUCT_LAUNCH,MERGER_ACQUISITION
H198,gdelt,EARNINGS,EARNINGS,EARNINGS,EARNINGS,EARNINGS,EARNINGS
H199,gdelt,REGULATORY_LEGAL,OPERATIONAL_ESG,OPERATIONAL_ESG,OTHER,REGULATORY_LEGAL,REGULATORY_LEGAL
H200,gdelt,OTHER,PRODUCT_LAUNCH,PRODUCT_LAUNCH,OTHER,PRODUCT_LAUNCH,PRODUCT_LAUNCH
