check_id,doc_id,published_at,ticker,company,headline,correct,notes
E001,92a8166ecccddc445defb23cdf164661ba35ae9e,2021-10-29 15:00:00+00:00,JPM,JPMorgan Chase & Co.,Investegate |JPMorgan Sec.Plc Announcements | JPMorgan Sec.Plc: Form 8.5 (EPT/RI)- Stock Spirits Group plc Amnd,y,
E002,3c1d32b879ec5e9dc1a64d943e697f46740d6f7e,2021-11-17 18:00:00+00:00,AMZN,"Amazon.com, Inc.",Amazon.com Inc gets out tiny violin to complain about Visa charges but it's got a nerve,y,
E003,8ac1dc8fb3efaa48bac8ea6f1c3170ffb8bed27b,2022-01-26 15:00:00+00:00,AMD,"Advanced Micro Devices, Inc.","Thinking about trading options or stock in Microsoft, BioNTech, Advanced Micro Devices, Datadog, or Penn National Gaming?",y,
E004,4199eac71e626f20a1cfd11678095ec6eaa151a7,2022-05-06 03:00:00+00:00,JNJ,Johnson & Johnson,FDA Limits Use of Johnson and Johnson Vaccine Due to Blood Clots,y,
E005,798dcb31661b2449036ff4cae362b2c5c2bdaf20,2022-03-17 11:00:00+00:00,AAPL,Apple Inc.,Apple sued for failing to stop sexual harassment during 'Emancipation' production,y,
E006,aa3e872c9ea844c167b85c384033b35c6e5f5e38,2022-03-30 03:00:00+00:00,PG,The Procter & Gamble Company,"Regentatlantic Capital LLC Buys 4,533 Shares of The Procter & Gamble Company (NYSE:PG)",y,
E007,0e75a275b70840342faf2df2f7d8affe475372a9,2021-11-05 21:00:00+00:00,MSFT,Microsoft Corporation,Microsoft Corp. stock underperforms Friday when compared to competitors,y,
E008,a0019cd7a45f39abc0909b44b475bff8b601cd40,2021-10-08 12:00:00+00:00,JPM,JPMorgan Chase & Co.,Union Pacific stock rises after J.P. Morgan says it's time to buy,n,
E009,a826de01a2840cabddf33310b7c41f430147fc68,2021-11-12 21:00:00+00:00,JNJ,Johnson & Johnson,Reactions to J&J's plans to split into two companies | One America News Network,y,
E010,b0ae022d4fbda69a62d957b305cf350775f8a54b,2022-01-19 15:00:00+00:00,XOM,Exxon Mobil Corporation,ExxonMobil targets net-zero scope one and two emissions by 2050,y,
E011,d6b6e03e21ea7e6ee43edfc216143c48345cec46,2022-05-06 16:00:00+00:00,NFLX,"Netflix, Inc.",Netflix's Movie Library Has Shrunk By More Than a Third,y,
E012,bf0cb246c88e41107082befad27a7a35e5cbcb35,2022-04-13 14:00:00+00:00,KO,The Coca-Cola Company,Coca-Cola Ghana contributes GHC1.4m to COVID-19 Private Sector Fund,y,Coca-Cola Ghana is a Coca-Cola-branded corporate entity/operation.
E013,f1134f3ee0e8589942051f9a673e85ce814c2553,2022-03-10 23:00:00+00:00,CVX,Chevron Corporation,Police seeking suspect in armed robbery at Chevron gas station on Santa Maria Way,n,
E014,35ee3cbad26bdd0e7271be2c1375984132a5234b,2022-05-04 12:00:00+00:00,GS,"The Goldman Sachs Group, Inc.",Scout24 (ETR:G24) Given a €66.70 Price Target by The Goldman Sachs Group Analysts,n,
E015,043c3e724b5828e1b3d24ba1dd9bd55038c8c7db,2022-04-06 18:00:00+00:00,JPM,JPMorgan Chase & Co.,"Why JPM Has Hired Ash Williams, CIO Extraordinaire | Chief Investment Officer",y,
E016,30ad1e72ba92ff816c3c9eff5c137a4d530cb709,2021-12-07 17:00:00+00:00,PG,The Procter & Gamble Company,Procter & Gamble patents smart hair grooming device that measures condition during brushing,y,
E017,b474bc1c6c6a5f1c992476d747d02ecb8cb51ed1,2021-10-01 21:00:00+00:00,AMZN,"Amazon.com, Inc.",Amazon Stock: Here's What Investors Should Do In October,y,
E018,2ddd0b88f828e0488401b3aacc34ef2245a052af,2022-09-28 12:00:00+00:00,AAPL,Apple Inc.,"Apple stock leads Dow's premarket losers on demand concerns, even as 'golden cross' is set to appear",y,
E019,24943004464ee45296b5934634ea68e7765eef6f,2022-03-03 17:00:00+00:00,PG,The Procter & Gamble Company,Riparte la Carovana della Prevenzione di P&G e Susan G. Komen,y,
E020,be03fb06da740bf5cd05d10a7da7ecdf93abb3a1,2022-09-27 00:00:00+00:00,GOOGL,Alphabet Inc.,Air Quality indicators soon to be available on Google Maps and Search,y,
E021,d029510eaafaeeebb3682ee42543800421f07ae5,2022-01-25 19:00:00+00:00,JNJ,Johnson & Johnson,Johnson & Johnson More Bullish on Acquisitions in Volatile Market: CFO,y,
E022,1ddc33a97065f4fcabaef294e013517e8e5865de,2021-10-21 23:00:00+00:00,INTC,Intel Corporation,Intel Q3 Profit Trounces Street View; But Shares Slip 9% On Sales Miss,y,
E023,e7a28bf506109a464ec0118e1a62e88c7fd97f3e,2022-08-26 04:00:00+00:00,DIS,The Walt Disney Company,Demi Lovato Wants To Bring Former Disney Stars Together For A New Project | Hot 101.9,n,
E024,8eec9af87a408cb1db36fd09065d8956a98c7647,2022-01-14 17:00:00+00:00,MSFT,Microsoft Corporation,"Microsoft 365 is strategic and widely used, finds new Martello report",y,
E025,029d8d6ea2ac1af469873ee7f6b4b99009373eec,2022-03-07 12:00:00+00:00,GS,"The Goldman Sachs Group, Inc.",PwC and KPMG to exist Russia as Goldman Sachs mulls Dubai staff move,y,
E026,0bb8952ae044b7f069e11207e8b83be6f8f90e7e,2022-04-13 14:00:00+00:00,META,"Meta Platforms, Inc.",Zuckerbucks: Mark Zuckerberg says he won't be so naked about it anymore,n,The headline is about Mark Zuckerberg's personal activity/comments; Meta itself is not the subject.
E027,4931d877c8cf87515ab73c303783bd34bdcf7757,2021-11-09 02:00:00+00:00,XOM,Exxon Mobil Corporation,Petronas partners with Exxon Mobil to explore carbon storage opportunities,y,
E028,ff2cccdbf39a24dc32fc0e2540e6dede5d77d3fb,2022-05-16 03:00:00+00:00,AMZN,"Amazon.com, Inc.",Jeff Bezos calls out Joe Biden — AGAIN — this time on the deficit with some bonus praise for Joe Manchin – twitchy.com,n,
E029,23473c1f3a292c9d66f6b24fe664e9ba68206c63,2021-12-14 00:00:00+00:00,INTC,Intel Corporation,Intel to Invest $7 Billion on Manufacturing Plant in Malaysia,y,
E030,d31e1b9bb7f07dc6f23f12dd8d82473bfe59b053,2022-04-29 16:00:00+00:00,TSLA,"Tesla, Inc.","Elon Musk's Idea for 'Open Source' at Twitter Sounds Good, but it Might Not Work",n,
E031,9a00ddfdc75393297485f17d3ea8bf047db263ec,2022-04-05 08:00:00+00:00,AAPL,Apple Inc.,Apple (AAPL stock): A consolidation at the current level or a move towards $180?,y,
E032,eb8098ee848e26f157d211e9dd0d9936ac2494b5,2022-02-03 05:00:00+00:00,AMZN,"Amazon.com, Inc.","New Zealand Dollar Outlook: NZD/USD Faces Amazon Earnings, US NFPs as Gains Pause",n,
E033,86b4b3e10394a319d0d43a2593397787f00c7582,2021-12-17 13:00:00+00:00,JNJ,Johnson & Johnson,US CDC advisers to weigh limits on J&J vaccine due to blood clot issues -- Health & Wellness -- Sott.net,y,
E034,b380e8f16fdfb5f93628591736b1d207a46fdf4c,2022-08-01 07:00:00+00:00,JPM,JPMorgan Chase & Co.,"From profits to pay, JPMorgan's gold secrets spill out in court",y,
E035,b1b74f1c2520f59968dc5bf00329362dea306e31,2022-01-04 20:00:00+00:00,TSLA,"Tesla, Inc.",World's richest man gets $32BILLION richer: Elon Musk's worth climbs to $304billion as Tesla stock soars after car maker rolled out nearly a million vehicles in 2021,y,
E036,3b2359c26db1c24879805b714e234a23c69412f8,2022-01-03 12:00:00+00:00,GS,"The Goldman Sachs Group, Inc.",Goldman Sachs Extends Return-to-Office Plans for Employees to Jan. 18,y,
E037,58725a73df816876337b0936d35b0d656c518594,2022-01-07 15:00:00+00:00,PG,The Procter & Gamble Company,STEM Professionals Are ReLaunching Careers With P&G,y,
E038,611973abb960d2fbb0da86afdf9b9148aea5fd2e,2021-11-16 20:00:00+00:00,COST,Costco Wholesale Corporation,Costco Recalling Drink Because of Pieces Of Metal or Glass,y,
E039,8762aa00e2878894e43d3bccb04b4266bcfe6dd5,2022-04-25 15:00:00+00:00,BA,The Boeing Company,Saudi royals' Boeing 747 jet looks set to be SCRAPPED after flying just 42 hours,y,
E040,23de639aee227caf456951d1d0fbeefd21e5f607,2022-04-12 17:00:00+00:00,CVX,Chevron Corporation,"Dow climbs 88 points on gains in Chevron, Dow Inc. stocks",y,
E041,3e42146cb7dcdb1b97b67f07bb4540a5d186f357,2022-07-21 09:00:00+00:00,META,"Meta Platforms, Inc.","Adnan Sami deletes all his posts, shares a cryptic 'ALVIDA' message on Instagram; Fans are worried",n,
E042,a5b25c77e26aeb36eb63ec76d9684c71490c2f0c,2022-02-28 20:00:00+00:00,BA,The Boeing Company,"Wisk, Backed by Boeing, Signs Deal with Blade to Operate Flying Taxis",n,Wisk is the contracting company; Boeing is only described as a backer.
E043,fe138960d576ce557901727ecb0225ba65ee5fd1,2022-01-12 14:00:00+00:00,BAC,Bank of America Corporation,Bank of America exec talks decision to slash overdraft fees - Triangle Business Journal,y,
E044,e9bafc9146fb00f70f42847dbb23caa021efac93,2021-11-18 14:00:00+00:00,AMD,"Advanced Micro Devices, Inc.",AMD's Instinct MI250X: Ready For Deployment at Supercomputing,y,
E045,12499aa21b0025b37e8f2e86e88998495ae8793d,2022-03-17 19:00:00+00:00,PG,The Procter & Gamble Company,Procter & Gamble scientists discover novel pathway causing skin hyperpigmentation,y,
E046,acdfae728c5655819cd1831cd0627a8a63fd1bd1,2022-03-15 16:00:00+00:00,AMD,"Advanced Micro Devices, Inc.",AM4's Last Hurrah: AMD Unveils 7 New Ryzen 4000 and 5000 CPUs at Nice Prices,y,
E047,8252e842561ccdef9d4cbeaa85349f7f5452500a,2021-10-14 18:00:00+00:00,JNJ,Johnson & Johnson,"FDA panel considers boosters for Moderna, Johnson & Johnson vaccines",y,
E048,f77dad6ac4b902774f0edb099a8ec93b61ad77b8,2022-06-13 15:00:00+00:00,KO,The Coca-Cola Company,Coca-Cola Is Adding AND Discontinuing Drinks,y,
E049,20473f804a0d87846fca9c0b3f5723cf9da2b333,2022-08-06 06:00:00+00:00,META,"Meta Platforms, Inc.",Meta Platforms agrees to delay closing Within deal given U.S. challenge,y,
E050,a2e51514603678057862125f7bf9161040927eba,2022-02-24 18:00:00+00:00,COST,Costco Wholesale Corporation,Costco Is Selling Indoor-Outdoor Rugs That Will Transform Your Patio This Spring,y,
E051,34741f04befd15f1bde0f6cc0fccfe816e9b72f4,2022-08-11 16:00:00+00:00,COST,Costco Wholesale Corporation,OUT OF THE OCEAN™ BAGS MADE FROM 100% OCEAN PLASTIC® NOW AVAILABLE AT COSTCO,y,
E052,77ceeed9d5a18cd45d6c73c236e3a144b9f86bbb,2022-06-22 01:00:00+00:00,COST,Costco Wholesale Corporation,Costco Wholesale (COST) – Analysts' Recent Ratings Updates,y,
E053,32a1f908c904aa6f96e5bcad6bc880f89223d2e2,2022-03-22 07:00:00+00:00,TSLA,"Tesla, Inc.","SpaceX: Elon Musk says Plan is 70% of Global Launch Mass, Small Change Even When Russia 'Cuts Itself'",n,
E054,5d502eec89322165a9ddcf983060d076c3a29099,2022-02-16 19:00:00+00:00,GOOGL,Alphabet Inc.,Google's troubled Privacy Sandbox is jumping from desktop to Android,y,
E055,2cc0e044de5044555f1ccef75344257c4c9cc771,2022-04-04 15:00:00+00:00,DIS,The Walt Disney Company,Disney: Guardians of Galaxy ride opens at Epcot in May,y,
E056,ddfdcec39e4ac5f01c7bfb69509f70e63be12b52,2021-11-15 10:00:00+00:00,DIS,The Walt Disney Company,The Beatles: Get Back on Disney + reveals band's darkest days,y,
E057,e653de566c1cd9bd03399aa35819a14b974e9282,2022-05-17 04:00:00+00:00,CVX,Chevron Corporation,"Why Are Oil Stocks INDO, IMPP, XOM, CVX Up Today?",y,Chevron is explicitly one of the oil stocks discussed.
E058,ea4460f6bc88d21b0e7691c60bef273c7113c5a6,2022-05-23 19:00:00+00:00,JPM,JPMorgan Chase & Co.,"Stocks can recover on $250 billion rebalance flow, J.P. Morgan says",n,
E059,43eb37efb05cbdb2cffec97540af03aadfa76282,2022-01-11 07:00:00+00:00,GOOGL,Alphabet Inc.,"Google: Karnataka HC disposes of Google petition seeking details from CCI, Telecom News, ET Telecom",y,
E060,52b72d17271ce2bf3cda192c7abcb68473fe1167,2021-11-09 01:00:00+00:00,AMZN,"Amazon.com, Inc.",Amazon bringing cloud computing hub to Calgary with $4 billion investment,y,
E061,0a56d3731710ded7c3c291991996fdd1c4d41fa7,2021-12-08 17:00:00+00:00,DIS,The Walt Disney Company,Will Smith's New Show Is Now Streaming on Disney Plus,y,
E062,2bdfb44c396dcf57dabfba5c510282447f145612,2021-11-02 15:00:00+00:00,XOM,Exxon Mobil Corporation,Exxon mulls low-carbon opportunities in Indonesia,y,
E063,803d290fc902202da177e19269ac623d2e4bfbff,2022-05-25 20:00:00+00:00,BA,The Boeing Company,Boeing's Starliner capsule on its way home from test mission,y,
E064,17c8471ead27efbfe4b8f8bd4fc87e8fba3d31b4,2022-08-25 14:00:00+00:00,BAC,Bank of America Corporation,Synopsys Signs $240 Mln Accelerated Share Repurchase Agreement With Bank Of America,y,
E065,1061b14ee1053b4cd6a3d9c552f7e114010eacb9,2022-01-04 18:00:00+00:00,BA,The Boeing Company,"Citi, Boeing, EA, Salesforce on Barron's List of 22 Undervalued Stocks",y,Boeing is explicitly one of the companies on the Barron's list.
E066,620abd8a97b8c59b84d68e56a5932690695f05d0,2022-01-20 14:00:00+00:00,AAPL,Apple Inc.,"Apple Rush Company, Inc. acquires Pursuit Hemp Farms in its design to become seed-to-sale",n,
E067,8b80cd3b00c30daff0d8821687a78d24f97aec7b,2021-12-15 19:00:00+00:00,KO,The Coca-Cola Company,Is Texas a Part of This Major Coca-Cola Recall?,y,
E068,406af248ad7685eefb9c3a059c075809b2a0e76f,2021-11-10 13:00:00+00:00,AMD,"Advanced Micro Devices, Inc.","AMD launches big data-center push vs. Intel, Nvidia",y,
E069,02689fab7824c321d19ec1ea4bab368a4fbecc0b,2022-02-14 13:00:00+00:00,NFLX,"Netflix, Inc.",Inventing Anna: Real-life journalist Rachel DeLoache Williams criticises her 'shocking' portrayal in Netflix series,y,
E070,7764c15f533a93365ccb70797aae2cd930c1b696,2022-01-26 15:00:00+00:00,MSFT,Microsoft Corporation,"Next 3 Call of Duty games likely to launch on PS, irrespective of Microsoft's Activision acquisition",y,Microsoft's Activision acquisition is explicitly part of the subject.
E071,4fd2705793d0dfe5c30d11a354e5718b0a0d6349,2022-04-20 18:00:00+00:00,META,"Meta Platforms, Inc.",Mark Zuckerberg To Share 'Exciting News' At Quest Showcase,y,
E072,f0ada98b5ccaa2dc515321a5b076b522f515bb82,2021-12-21 16:00:00+00:00,XOM,Exxon Mobil Corporation,"Thinking about trading options or stock in Nio, Apple, Morgan Stanley, Exxon Mobil, or American Airlines?",y,
E073,4176aa7cafa5027ce406bb21d8e31d15047aa5a0,2022-05-27 15:00:00+00:00,BAC,Bank of America Corporation,What Bank of America's CEO Says About Inflation and Consumer Spending -- And Why You Should Care,y,
E074,3a58891bf4c7c928da26470693942b127577ff58,2021-12-08 01:00:00+00:00,META,"Meta Platforms, Inc.",Instagram CEO to testify before Senate committee on safety of teen users,y,
E075,19bf9eccd451e1b5a1592a564a87d896dba75307,2022-05-03 20:00:00+00:00,BA,The Boeing Company,Boeing Unveils First USAF T-7A Red Hawk Trainer,y,
E076,f91cd447cbcccd6c05b29c9fcc52627d5fe99ad5,2022-04-19 21:00:00+00:00,NFLX,"Netflix, Inc.","Exploding Kittens: Tom Ellis, Lucy Liu, and more join the cast of Netflix's adult-animated series",y,
E077,da2331e8cfeee3b60aed704ff6ba992879a3359d,2022-09-11 00:00:00+00:00,NFLX,"Netflix, Inc.",Netflix Reveals Spooky Movie & TV Show Lineup For Halloween 2022,y,
E078,a98a47232b6c822ba1336d4677c8d47e59746cf6,2022-08-30 20:00:00+00:00,TSLA,"Tesla, Inc.",Elon Musk wants fully self-driving Teslas to go on sale by Christmas in the US :: WRAL.com,y,
E079,145cb07e4909fb2f26c955676f30c087c75034c4,2022-06-04 18:00:00+00:00,DIS,The Walt Disney Company,'Deadpool 3' writers share experience of working with Disney,y,
E080,a3a605a6d1afadfaeba880e8798cbc3b7eaf7f9a,2022-02-17 07:00:00+00:00,GOOGL,Alphabet Inc.,Google wants to bring Chrome OS to your PC or Mac,y,
E081,9c303e2c71a1919a2d1be761a0ae77fbc75892ec,2022-07-13 18:00:00+00:00,NFLX,"Netflix, Inc.",Breaking News - David Beckham Doc Series in Production at Netflix with Fisher Stevens and John Battsek Attached,y,
E082,87038bb001536e468352e6b5e4a5e8ef475a34a8,2022-09-14 14:00:00+00:00,MSFT,Microsoft Corporation,"Microsoft Can't Explain Why Xbox 'Goldeneye' Doesn't Have Online Play, But Nintendo Switch Does",y,
E083,4b865740065e2f9d907fca77e5327365704147c0,2022-03-15 23:00:00+00:00,GS,"The Goldman Sachs Group, Inc.",Goldman Sachs raised their 2022 forecasts for stock buybacks to a record $1 trillion,y,
E084,cadcac9a93e4357ea73e0a4cd2ffd303472865ec,2022-03-22 19:00:00+00:00,MSFT,Microsoft Corporation,Microsoft And Intelsat Combine Space And Cloud To Deliver Seamless 5G Networks Virtually Anywhere,y,
E085,b6ffba1ac877f4deec7163a88d35c8ac2616257d,2022-06-23 20:00:00+00:00,KO,The Coca-Cola Company,"Register to win a pair of tickets to all 3 nights of the ESSENCE Festival of Culture, Presented by Coca-Cola | Q93",n,
E086,403e829996b17ca60360f3e2a520f42077c8a80f,2021-10-11 03:00:00+00:00,GOOGL,Alphabet Inc.,"Facebook, Google, others may tweak structures to comply with OECD tax deal",y,
E087,24928fb7087754a6daf02f1b5d80751cbd9ebaed,2022-02-01 15:00:00+00:00,GS,"The Goldman Sachs Group, Inc.",Goldman Sachs leads U.S. banks in return to office,y,
E088,92aeb28e627615211d88c8466b3a778414c8e608,2022-09-22 10:00:00+00:00,CVX,Chevron Corporation,"- Air Liquide, Chevron, Keppel...",y,"Chevron is explicitly named; the headline is truncated, but the link is not a name collision."
E089,8c15e0b92e0f9266e1f1eb7ab79027ba4fdc88c4,2022-04-15 15:00:00+00:00,KO,The Coca-Cola Company,Analyzing Coca-Cola FEMSA (KOF) and The Competition,n,Coca-Cola FEMSA is a separate bottling company; the headline is not directly about The Coca-Cola Company.
E090,66ab14e264a880f12a417d06c99252cb8748b5ea,2022-02-03 20:00:00+00:00,AAPL,Apple Inc.,"Facebook and Google Stocks Have Diverged, and the Reason Is Apple",y,Apple is explicitly identified as the reason for the divergence in Facebook/Google stocks.
E091,fc39f10be0d89617ace18e8e8ed7f5164a2bf225,2022-09-27 17:00:00+00:00,INTC,Intel Corporation,Intel debuts new 13th-generation chips to take on AMD amid PC sales slump,y,
E092,ae450f771390c3b05425e76514338286afcd73ff,2022-06-25 18:00:00+00:00,INTC,Intel Corporation,Intel delays ceremony for $20 billion Ohio factory over lack of government funding,y,
E093,464a810f4609d8d823b5f30be0cacad1b3b0dfb9,2021-10-01 18:00:00+00:00,CVX,Chevron Corporation,Lawyer who sued Chevron sentenced to six months in contempt case,n,Chevron is referenced as the company previously sued; the headline's subject is the lawyer and the contempt sentence.
E094,1a6d66d7d837c95afc94cac58281d5e02a4730a3,2022-01-04 02:00:00+00:00,XOM,Exxon Mobil Corporation,Exxon Q4 Earnings Poised to Exceed Pre-pandemic,y,
E095,3479c5bc97426341f126275a063f04a87dd870d0,2022-07-11 23:00:00+00:00,BAC,Bank of America Corporation,"Wells Fargo, Bank of America ATMs Hit With Patent Claims",y,
E096,7ab4f628e7981938b2ea642be6b2e1fc2afaa165,2022-05-20 20:00:00+00:00,COST,Costco Wholesale Corporation,Costco items that have gone up in price!  SIX! | WKDW AM 900,y,
E097,af247629a046ff74f79628ff5d78e4f9fc12fbd0,2022-05-04 21:00:00+00:00,BAC,Bank of America Corporation,Vanda Pharmaceuticals Announces Participation in the BofA Securities 2022 Healthcare Conference,n,
E098,0a1540249dd6c60ae7e3430322b6887127385a59,2021-12-08 07:00:00+00:00,TSLA,"Tesla, Inc.",Elon Musk Says Delete the Whole Tax Credit Bill,n,"The headline is about Elon Musk's political statement, not Tesla as a company."
E099,76332c93260608bac077e19a17630e54e79d4109,2022-01-27 12:00:00+00:00,INTC,Intel Corporation,Intel wins major battle as court overturns $1.2 billion fine for anticompetitive practices,y,
E100,b0a0c5c75f0e74371596ac7f29bce08bd42700e9,2022-05-17 14:00:00+00:00,AMD,"Advanced Micro Devices, Inc.","Thinking about trading options or stock in Apple, Futu, Advanced Micro Devices, Chemours, or Chevron?",y,
