item_id,doc_id,source,published_at,linked_tickers,text,label_event_class,label_sentiment,label_entity_correct,label_impact_1_10,notes
G001,303c3f1264e40c349b9383af22ca1de346fb5656,gdelt,2022-01-06T10:00:00Z,KO,The Coca-Cola Company appoints Reenav Modi as Head Of Media at SA,MANAGEMENT_CHANGE,neutral,y,3,
G002,046642ed3479ce160f9f97a2c57fa5ec8bce432f,gdelt,2022-04-26T11:00:00Z,TSLA,Elon Musk to acquire Twitter,MERGER_ACQUISITION,neutral,n,6,
G003,296de163c6ef28bfeca7c4d6534519ea0bdab851,gdelt,2022-02-09T00:00:00Z,MSFT,Microsoft To Set The Biggest Tech Merger Deal Since 2016,MERGER_ACQUISITION,neutral,y,6,Merger headline is factual; no explicit investor-positive outcome stated.
G004,5c0d69093f52945d92a768fffabc8683c20e4476,kaggle_tweets,2022-09-23T18:38:25Z,TSLA,Elon was critically important to Ukraine by providing Starlink access to the country when Russia invaded. Russia is losing the war. Now Elon is providing starlink access to Iran as they attempt to overthrow their oppressive Islamic regime. Thanks @elonmusk! #spaceX $TSLA,GEOPOLITICAL,positive,n,3,
G005,7a102e9dd9e65725e88f5f77c77edb5604946378,gdelt,2021-12-06T17:00:00Z,MSFT,Why Microsoft avoided antitrust scrutiny that plagued other tech giants in 2021,REGULATORY_LEGAL,positive,y,4,
G006,8c2a6762d6108603c11738cf6f5fa7923979cc11,gdelt,2021-10-01T07:00:00Z,NFLX,RPT-UPDATE 1-S.Korea broadband firm sues Netflix after traffic surge from 'Squid Game',REGULATORY_LEGAL,negative,y,6,
G007,89752c5ac5de15055f64028d381f772485e4410f,gdelt,2022-07-11T12:00:00Z,BA,"California air charter firm diverts 5 Boeing jets with more than 1,000 American passengers on board because Dublin airport was understaffed",OPERATIONAL_ESG,neutral,n,5,
G008,0e8648351038e3b80419e1202e25ab1e05959f27,gdelt,2022-04-27T17:00:00Z,TSLA,"Elon Musk 'amplified' Twitter's 'free speech ecosystem,' Rumble CEO says",OTHER,neutral,n,2,
G009,277237928b8242fa92c5ab278495535d9f1697f1,gdelt,2022-09-01T10:00:00Z,TSLA,VW's new CEO faces software challenge to match Tesla,OTHER,positive,n,3,
G010,04a588776f8f4faebec8e3aa53d31fd186a4ed03,gdelt,2021-10-21T13:00:00Z,JNJ,CDC Considers Moderna and Johnson & Johnson Boosters,REGULATORY_LEGAL,neutral,y,4,
G011,9de1ad0f76b196ede21df83080bdf0dbc3893896,gdelt,2021-11-09T07:00:00Z,NFLX,Jay-Z Weighs In On Dave Chappelle's Netflix Special: 'Art Has to Cause Conversations',OTHER,neutral,y,2,
G012,f51398b5136d314df26ce20138183be72e4c057a,gdelt,2021-10-12T11:00:00Z,MKT,Gold Firms As Inflation Concerns Hit Risk Appetite,MACROECONOMIC,negative,,5,
G013,40b2fc1344de96c1eb39c9a8bf0b0e089587bbc5,gdelt,2022-03-10T05:00:00Z,"AAPL,MSFT,GOOGL","Mobile Streamed Music Market Is Booming Worldwide | Apple Inc. , Google Inc. , Microsoft Corp",OTHER,positive,partial,5,
G014,b0d0ea0923c5d4c55eede3c0de0d4fd1bd5a665b,gdelt,2022-08-15T23:00:00Z,META,FTC's Suit Challenging Meta's VR Merger Gets December Trial,REGULATORY_LEGAL,negative,y,7,
G015,39a9c264a46a814bfea7b1f236255fe8c9e0f3d2,gdelt,2021-10-06T16:00:00Z,MKT,McConnell Offers Some Help to Avert Default: Debt-Limit Update,CREDIT_EVENT,positive,,7,
G016,a79c974d0e19faa8033d92152d65ac80229936f8,gdelt,2022-07-05T19:00:00Z,AAPL,Apple CEO Tim Cook Stars in Communist Chinese State Media to Praise 'Inspiring' Apps,OTHER,negative,y,4,
G017,7a71bff6a038f978ea0d735cc0b5561860f230d7,gdelt,2021-10-12T14:00:00Z,AAPL,AAPL Stock: Apple Will Drop The Mic This Earnings Season,OTHER,positive,y,5,Predictive/commentary headline about earnings season; no reported earnings result.
G018,38edf8f98e5cc954edcfa97a5f4da63a1f27a2e1,kaggle_tweets,2022-04-03T11:38:20Z,TSLA,"Every legacy OEM blames their falling sales on the chip shortage. Well, Tesla and @elonmusk dealt with all the same supply chain, commodity and political headwinds and still grew EV sales somehow. We don’t have a chip shortage. We have a competence shortage. $TSLA",OTHER,positive,y,4,
G019,8d7d4a83e3dc5028ccf822b87265da2cf1c7ae6e,gdelt,2022-01-27T00:00:00Z,TSLA,Latest Cybertruck Design Leaked Ahead of Tesla 2021 Earnings: Photos,OTHER,neutral,y,5,A leaked design is not itself a launched or announced product.
G020,47cb041cd815c348aa242140111c3c8ae4f6acd8,gdelt,2021-10-06T18:00:00Z,META,What caused the unprecedented Facebook and WhatsApp outage in India and the rest of the world?,OPERATIONAL_ESG,negative,y,8,
G021,3982b1642b81496d18118b4ba45e6ac5836b2018,gdelt,2022-04-22T03:00:00Z,DIS,Factbox-What is the special tax designation Disney might lose?,REGULATORY_LEGAL,negative,y,5,
G022,bf65e3c595cf956e115cf9c8686c1aaa9cf44955,kaggle_tweets,2022-05-16T19:33:10Z,TSLA,"I would like to see @elonmusk put that $7.5B of equity sale (post walk fee and taxes) back into $TSLA and focus on Cyber truck production, manufacturing ramp, FSD deployment, AI enhancements and earnings growth. Also, open 1-2 new giga factories to catch up to demand. If he walks",OTHER,positive,y,3,
G023,72fe47b9b24d533a0e5758aa9bd8e807e237780b,gdelt,2022-07-22T13:00:00Z,GOOGL,Google Play Store regains app permissions list after it was briefly replaced by the Data Safety section,OTHER,neutral,y,3,Restoration of an existing permissions list is not a new product/feature launch.
G024,44f6b4900ced038f5ba7057678b5e2c5560e1612,kaggle_tweets,2022-05-02T18:26:49Z,TSLA,ELON MUSK IN TALKS WITH INVESTMENT FIRMS ABOUT NEW TWITTER INC FINANCING THAT WOULD TIE UP LESS OF HIS WEALTH IN THE $44 BILLION ACQUISITION - RTRS CITES SOURCES #Twitter $TWTR #ElonMuskBuyTwitter $TSLA,MERGER_ACQUISITION,positive,n,6,
G025,9ff3ec54f9764df257e70ae6bdf0aec6272c982a,gdelt,2022-05-06T13:00:00Z,JNJ,US drug regulator limits J&J Covid vaccine use,REGULATORY_LEGAL,negative,y,7,
G026,f3221f2339849943eceb5862e0d0276ae83b8227,gdelt,2022-05-11T06:00:00Z,MKT,WA Premier Mark McGowan urged to unleash surplus despite inflation risks,MACROECONOMIC,negative,,4,
G027,c91678effaa16c2c1992e9fa31118a275358b514,kaggle_tweets,2021-11-22T11:57:50Z,TSLA,"The week of Thanksgiving brings back bad memories. A couple years back, I was all in and the markets saw a massive flash crash. I had stops set but took a massive $200K hit in one day. By time I got back in, they all bounced that Friday back to normal. We all make mistakes. $TSLA",OTHER,neutral,n,1,
G028,d3773576a89a5052f9e54644d20af18c52fba50f,gdelt,2022-08-16T22:00:00Z,NFLX,'Stay on Board: The Leo Baker Story' is a heartfelt Netflix documentary,OTHER,positive,y,2,
G029,6b5ad5ba1c052cba0f438c0f2ecf43c466591e37,gdelt,2022-04-14T06:00:00Z,MKT,Publicis Chief on Growth and Reacting to the War for Ukraine,GEOPOLITICAL,negative,,4,
G030,fb745bb940b113c591c5a4553c6d6af00d162d3f,kaggle_tweets,2022-04-28T20:37:04Z,AAPL,$AAPL CEO says supply constraints will be significantly lower in Q2 versus Q1,OPERATIONAL_ESG,positive,y,5,
G031,e23aa1bcaf2d0892cb387d9753a48e9ffd11902d,gdelt,2022-06-10T19:00:00Z,MKT,"Unemployment rate in N.B. near all-time low, some sectors struggle to find workers",MACROECONOMIC,positive,,5,
G032,c1c194081fa2ed1e5b8bfc22ed1bd0d33cb0f7c2,gdelt,2022-08-29T21:00:00Z,MKT,Morgan Stanley sees a recession canary in the coal mine,MACROECONOMIC,negative,,5,
G033,f901babbfb95b1a11a3cf337629f73e25635f27d,gdelt,2022-09-13T21:00:00Z,CVX,"Americans should brace for higher natural gas prices, Chevron CEO says",OTHER,positive,y,4,
G034,8fc50de4b76a06bd807f575e8141f248e0923515,gdelt,2022-03-22T15:00:00Z,AMZN,"Else Nutrition Launches Toddler Omega Complete & Balanced that will sell first on Amazon.com & Elsenutrition.com in the coming weeks, followed by retail distribution",PRODUCT_LAUNCH,neutral,n,3,
G035,5df33deb268221aa7a96274c438b8eb52167c145,kaggle_tweets,2021-11-29T14:00:39Z,TSLA,"$TSLA catalysts - 11/29 1/ CEO stock sale ends Dec 2/ FY’22 EPS/PT hikes Dec 3/ Berlin/Austin open Dec 4/ Biden $8K EV credit Dec 5/ Inv Grade Upgrade F’22 1Q 6/ Shanghai expansion F’22 2Q 7/ 4680 scale product’n F’22 2H 8/ CyTruck launch F’22 2H 9/ Compact launch F’23 $1,400 PT",OTHER,positive,y,6,
G036,89be82cae36ae45384b322b7df2d1ea1b5ecd888,kaggle_tweets,2022-06-11T17:11:53Z,TSLA,$TSLA isn't macro. It might trade emotionally with macro temporarily but what's going on at Tesla behind the scenes is an effort to expand itself by reinvesting its earnings at very high rates of return. TSLA will expand at >50% per annum regardless of a recession.,OTHER,positive,y,5,
G037,256d16fbc82e24dbf64b8e8b4b9b4af5023fdf64,gdelt,2022-06-22T07:00:00Z,MKT,RBA spotlights inflation risk of higher wages,MACROECONOMIC,negative,,5,
G038,f7dc84bc73b05f2297d31081576d649858f10641,gdelt,2022-08-23T00:00:00Z,MKT,Islanders GM Lou Lamoriello: Free agency upgrades could have downgraded other positions,OTHER,neutral,,1,
G039,f217c7a1ad8f2e8ac9e7c73946956d1daf897f8b,gdelt,2022-04-25T20:00:00Z,TSLA,BREAKING: Elon Musk reaches agreement to buy Twitter for $44bn,MERGER_ACQUISITION,neutral,n,6,
G040,f3021677d5f9d5bbabcfc126ede2ae9e8b1f01d7,gdelt,2021-12-08T00:00:00Z,MKT,Frank B. B. Knowlton Bankruptcy Attorney Nelson Mullins,OTHER,neutral,,1,
G041,10913f389c586ef1a5c625be744a9064eaa2c20a,gdelt,2022-08-12T01:00:00Z,MKT,"Olam Group H1 Profit Edges Higher,  More Restructuring in Store",EARNINGS,positive,,3,
G042,d93edd03fcf4f7f7c95cbc22bbeb26d9648110d7,gdelt,2021-11-04T14:00:00Z,MKT,Credit Suisse Unveils Restructuring After Series of Scandals. What It Means.,CREDIT_EVENT,negative,,7,
G043,0ffa77e67d2c99505c93979b09a4d88ba9e0f02c,gdelt,2022-06-09T16:00:00Z,COST,The secret way shoppers can find bargains at Costco exposed on Channel 5 show,OTHER,neutral,y,2,
G044,58429edfdb139b2ffc11d6488472d2dd49e9b77d,gdelt,2022-05-19T11:00:00Z,MSFT,Microsoft relaxes cloud licensing terms to reportedly avoid EU probe,REGULATORY_LEGAL,positive,y,6,
G045,1fa397d49bc4b21a96467371ba1fbacac7c3f2ee,gdelt,2021-10-08T18:00:00Z,KO,Romania: The Coca-Cola Company Unveils New Global Brand Platform for (...),OTHER,positive,y,3,A brand-platform unveiling is not a new product/service/model/feature under the taxonomy.
G046,350e585fafb1ebe38ea440a881cfb770b492fd04,gdelt,2022-06-15T03:00:00Z,META,UK antitrust regulators continue to block Meta's $400 million Giphy acquisition,REGULATORY_LEGAL,negative,y,8,
G047,960c5993f81ff2e353a87a860051272578799601,gdelt,2021-10-05T07:00:00Z,META,Global Facebook outage - previous issues and how they were resolved,OPERATIONAL_ESG,negative,y,8,
G048,08dbda30e8bf6f6a059a638dc8de88ddd95dfa53,gdelt,2022-02-25T02:00:00Z,TSLA,SEC opens investigation into Elon Musk over possible insider trading,REGULATORY_LEGAL,negative,n,6,
G049,cc93bc15422749582e7c03eaa2ec653373e3f16f,gdelt,2022-09-15T06:00:00Z,GOOGL,Google and NASA's latest project lets you explore the solar system in 3D,PRODUCT_LAUNCH,positive,y,4,
G050,9e38a6438f9b2853560ce04e738accfb88a66c21,kaggle_tweets,2021-11-09T14:07:19Z,TSLA,"My default mindset: - Tesla will be the biggest company - $TSLA will be over $30,000 - I will replace my model 3 with MYP - I will meet Elon in person one day. Exciting future. You?",OTHER,positive,y,2,"Text explicitly discusses Tesla and $TSLA, so the entity link is correct."
G051,ad1aae7728fc25b957674013e64302c8b94578fb,gdelt,2022-07-20T23:00:00Z,MKT,Boyd Wrede | Election 2022 - Candidate Q&As,GEOPOLITICAL,neutral,,3,
G052,50bfb3c471bfa8a268a3f470f40f734096bc55d0,gdelt,2022-02-02T15:00:00Z,NFLX,Netflix fans gobsmacked as they binge-watch 'crazy' documentary The Tinder Swindler,OTHER,positive,y,3,
G053,0971b1d5f6f581f18be4b103fa1fabae6c94d098,gdelt,2021-10-14T20:00:00Z,MKT,Delaware Bankruptcy Court Treats Royalty Owner Claims as Unsecured | Gray Reed,CREDIT_EVENT,negative,,5,
G054,2c5753bf53710bcd2ba5f1c73091367f651de13e,gdelt,2022-07-28T16:00:00Z,DIS,Cookie Run: Kingdom Unveils New Collaboration With Disney,PRODUCT_LAUNCH,positive,y,4,
G055,ebc709c73ff4e197aac8ce7071481ce8a609a49c,gdelt,2022-03-01T06:00:00Z,MKT,"In a surprise move, Toshiba CEO resigns amid opposition to restructuring plans By Reuters",MANAGEMENT_CHANGE,neutral,,3,
G056,1abb4e717a79565529a5d03e0a4d49cc0119dfbb,gdelt,2022-06-16T06:00:00Z,BA,Boeing mulls a 787 freighter as tougher air pollution rules loom,OTHER,neutral,y,4,"“Mulls” indicates consideration of a freighter, not a launched/announced product."
G057,0f413e75aa5f215bea31a8eddd5d8d20d4fc9b4e,gdelt,2021-12-21T07:00:00Z,MKT,"APC and Restructuring: Buhari, el-Rufai, Akeredolu and Akande [Opinion]",OTHER,neutral,,2,
G058,9e4c53f6271e394ab66f7d663965042a37d38aa9,gdelt,2021-10-06T17:00:00Z,META,Mark Zuckerberg for Regulatory Age Limit on Internet Access,OTHER,neutral,y,2,
G059,199cc01fecbdac4bba0be907e794144dc87b347e,kaggle_tweets,2022-06-09T10:32:18Z,TSLA,TESLA SHARES UP 3.4% PREMARKET AFTER HIGHER CHINA-MADE VEHICLE SALES IN MAY; UBS RAISES TO BUY $TSLA,OTHER,positive,y,6,"Headline reports a stock move, vehicle sales and an analyst rating; analyst rating changes are OTHER and no earnings result is reported."
G060,360b403fa450a3f69794cf4b6ade9ccc0dbc177c,kaggle_tweets,2022-05-12T12:08:22Z,TSLA,"Here are $TSLA U.S. wait times. I chose the U.S. market purposefully bc this represents the best case scenario for supply, given a dedicated Fremont factory with all cars made + sold locally. In all other markets, wait times are longer, including China, bc of exports.",OTHER,positive,y,4,
G061,811c15aa8b284699bf43f75990e43421f0e20482,gdelt,2021-11-17T13:00:00Z,MSFT,Microsoft to move Windows 10 to annual updates and accelerate Windows 11 rollout,PRODUCT_LAUNCH,positive,y,5,
G062,75383b27bee86632ea0b65f8a3d91c0c160c7907,gdelt,2021-11-12T21:00:00Z,MKT,"Nov. 13 Election Day - Decide Course Of Your City, Parish & State",GEOPOLITICAL,neutral,,4,
G063,6c7c21fb197a8cd448a7e0b66e7f8ef641431724,gdelt,2022-05-02T20:00:00Z,MSFT,Microsoft Defender for Business launches to help SMBs protect against ransomware and more,PRODUCT_LAUNCH,positive,y,6,
G064,032facead377ed1de00e0f99047d8e3634a8d9a4,gdelt,2022-06-21T11:00:00Z,NFLX,Netflix release a statement after two actors from The Chosen One are killed in an accident,OPERATIONAL_ESG,negative,y,5,
G065,d27b953b1496e3fda7e33bddbf7ec32261be746e,gdelt,2022-02-16T07:00:00Z,MKT,Disappointing Q4 GDP figures pour cold water on Romanian analysts' projections,MACROECONOMIC,negative,,6,
G066,96191d05882fe589577347df156d411f9f7eb82f,kaggle_tweets,2022-04-20T13:07:45Z,NFLX,Not sure why an analyst will downgrade a stock now. From $600 to $400 (like $nflx) with the Down at $252. What value is that. It happens all the time. (Always after the fact),OTHER,negative,y,4,
G067,adfd79c7d2d3ac076f3b8f3cda8addb9fc5230d8,gdelt,2022-07-29T15:00:00Z,AMZN,Amazon Stock Soars on Earnings Release: 5 Metrics You Should See,EARNINGS,positive,y,8,
G068,64c4ef6986921ca2810b054f7f857cfaeec37556,gdelt,2021-10-28T11:00:00Z,MKT,South Africans rank unemployment as the country's biggest problem,MACROECONOMIC,negative,,5,
G069,c379323d7e98582b210ba1e70aca397c000d14da,gdelt,2022-04-28T21:00:00Z,XOM,California Subpoenas Exxon for Details on Role in Global Plastic Pollution,REGULATORY_LEGAL,negative,y,7,
G070,0863f05c7f5e7f9fa3bf3c069f14c9aafa2ac4d9,gdelt,2022-02-24T08:00:00Z,MSFT,Microsoft appoints Peter Maquera to lead the Philippines,MANAGEMENT_CHANGE,neutral,y,5,
G071,6d4c21f06c94dc924faab2e3eca6fffdb46f4d6d,gdelt,2022-04-20T02:00:00Z,MKT,UK Government Reviews Insolvency Rules and Report,REGULATORY_LEGAL,neutral,,3,
G072,2bd8ec992896a5f50c22668008840b418036c22c,gdelt,2022-07-11T05:00:00Z,NFLX,Dave Chappelle comedy special quietly released on Netflix following 'The Closer' transphobic joke controversy,PRODUCT_LAUNCH,neutral,y,4,
G073,643251fd3a408fb0b009c5051548511312a5db15,kaggle_tweets,2022-01-03T17:56:29Z,TSLA,I explain more specifics on the impact of $TSLA’s Q4 deliveries on actual earnings and how it forces revisions higher in my livestream from yesterday.,OTHER,positive,y,5,
G074,0eb0b64918e057709c85b535a6389f3ad70e76f3,gdelt,2021-10-06T14:00:00Z,NFLX,"Translators, Experts Weigh in on Subtitle Debate Around Netflix's 'Squid Game' – NBC Bay Area",OTHER,neutral,y,4,
G075,c84e6947c5af8e5b0abc0aa7f775f7cd70c3ff47,kaggle_tweets,2022-06-05T15:02:43Z,AAPL,"$1,000 invested in $AAPL on Forrest Gump's release date is currently worth $602,000",OTHER,positive,y,3,
G076,137f915c3a10109ce8497c2ba9985a0a18b09e9d,gdelt,2022-01-21T12:00:00Z,GOOGL,Google will now display warning banners alerting users of suspicious files in Google Drive,PRODUCT_LAUNCH,positive,y,4,
G077,b16994b0a3691d06d7b13383e13cb5c9f5be26f3,kaggle_tweets,2022-02-10T20:22:46Z,TSLA,"This one weird HACK to circumvent NHTSA removing our fun sounds. Play fun sound in car. Roll down window. NHTSA has been hacked, thank you. @Tesla $TSLA",REGULATORY_LEGAL,negative,y,5,
G078,ff869fe63cdd85c270b3fae4f38bf7a2bbdc4344,gdelt,2021-11-25T04:00:00Z,JPM,JPMorgan CEO Made A China Joke. Then Came The Big Damage Control,OTHER,negative,y,5,
G079,844f4147c25968741c7daad42e8d6d79121c2c24,gdelt,2022-08-24T19:00:00Z,MKT,Iowa farmers caught in grain firm's bankruptcy can seek to recoup nearly $1.3M in losses,CREDIT_EVENT,negative,,5,
G080,17fc8ed6e9fb1ffe704e9874a82516ba4f5f8f5f,kaggle_tweets,2022-06-03T13:18:13Z,TSLA,Musk sells $10B in stock a month before announcing mass layoffs. How lucky was that for him? $TSLA,OTHER,negative,y,6,
G081,aaec51a7bcdc7e36ec04acf3ee6806862fbe487e,gdelt,2022-02-03T23:00:00Z,KO,Coca-Cola Europacific Partners Haulier Makes Total Switch to HVO Biofuel GD+ To Cut Carbon And Particulate Emissions – Advanced BioFuels USA,OPERATIONAL_ESG,positive,y,4,
G082,a754d94f8a18d4306c30318fde5995d89021ac43,gdelt,2022-08-12T01:00:00Z,GOOGL,Google Outlines New Algorithm Improvements to Improve the Accuracy of its Displayed Search Results,PRODUCT_LAUNCH,positive,y,5,
G083,614282da28d5e5d469041732cd7bb34204a47b3e,kaggle_tweets,2022-05-18T14:47:19Z,COST,COSTCO ANNOUNCES PLANS TO RAISE FOOD COURT HOT-DOG PRICES BY $1 DUE TO INFLATION $COST,OTHER,negative,y,4,
G084,bae72d092600bcb0c3997241f303eede1716bc73,gdelt,2021-10-26T00:00:00Z,NFLX,Comedian Dave Chappelle addresses Netflix transgender controversy in full for first time,OTHER,neutral,y,3,
G085,d4618cbfa7eba3b2b85c8634fd3f7a8627a1fc3d,gdelt,2022-05-28T18:00:00Z,MKT,"Co-location case: CBI court dismisses default bail pleas of ex-NSE CEO, CFO",REGULATORY_LEGAL,neutral,,3,
G086,c339c498c09b6b045163ddce8ef36f6b65620a4c,gdelt,2022-08-11T07:00:00Z,KO,Coca-Cola HBC AG 1H EPS EUR0.42,EARNINGS,neutral,y,5,
G087,c3cc0669d741f773fa58b97de5494cb4ac3a7d6e,kaggle_tweets,2022-03-10T15:57:21Z,TSLA,"Now that the stock is dead today, we just wait for the next fake geopolitical headline to get a pop. $TSLA",OTHER,negative,y,3,
G088,688e66bc019a2baa6a765f5a0542db32e73f7c33,kaggle_tweets,2022-04-19T22:50:36Z,NFLX,$NFLX said it plans to launch a lower-priced adv-supported streaming service after years of resisting such a move after showing negative subs growth for the first time in a decade and forecasting a further decline in 2Q. $NFLX -25% AH.,PRODUCT_LAUNCH,negative,y,7,
G089,5fec952763adc2a8d6aecfbe2173d6b4288664d9,gdelt,2022-04-21T14:00:00Z,MKT,"Distressed by penury, Afghan man sets himself on fire in Kabul",OTHER,negative,,2,
G090,e3c1b52b7ca05d0837569373d66db7f4a2de7202,gdelt,2022-05-25T19:00:00Z,DIS,Is A Disney Vacation Still Affordable For The Average Iowa Family,OTHER,negative,y,3,
G091,0b3853e8c25e2144c402c8eaf5ed3e7a8fe607df,gdelt,2022-02-16T06:00:00Z,TSLA,"Elon Musk Says Starlink Now Has Over 250,000 User Terminals; Africa Launch Anticipated",OTHER,neutral,n,3,Starlink/SpaceX update is not about Tesla as a company; no clear TSLA investor tone.
G092,351ed92479040d40949cc2532fbbc38a7d11be82,gdelt,2022-04-27T12:00:00Z,"MSFT,GOOGL",Microsoft (MSFT) stock shoots higher on earnings while Google (GOOGL) stock slumps on rare earnings miss,EARNINGS,positive,y,8,
G093,83d7566dd15280ae197354facf56757e63004b03,gdelt,2022-05-27T17:00:00Z,COST,Costco Margin Shortfall Clouds Otherwise Great Quarterly Results,EARNINGS,negative,y,7,
G094,c69e330361bdf366eef04c13c979a7a31b729d92,gdelt,2021-10-05T12:00:00Z,META,"Facebook says outage caused by ""faulty"" configuration change...",OPERATIONAL_ESG,negative,y,8,
G095,5a7bb40e3d9a764da2bf528c183987448caf3c91,gdelt,2022-03-14T22:00:00Z,DIS,Carmel-based Cake Bake Shop to open at Disney World,OTHER,positive,y,3,A third-party shop opening at Disney World is not a Disney product launch.
G096,3c4de458b201b51dc222d5742a2a35d1b087d3dc,kaggle_tweets,2022-09-02T00:49:24Z,TSLA,"The big difference between Autopilot and other systems is that millions of people use Autopilot today, and millions of new users are being added per year. $TSLA @elonmusk",OTHER,positive,y,4,
G097,15d924fcfc502116ff522fea2e08a364c6bc2ce3,kaggle_tweets,2022-05-25T16:58:31Z,AMZN,"$AMZN shareholders pass executive compensation, stock split, and election of directors at annual meeting - Reuters",OTHER,positive,y,4,
G098,358bac75d5ccc1c30a211da78a419414195a7992,gdelt,2022-06-27T21:00:00Z,GOOGL,Google brings Fast Pair support to Wear OS ahead of Galaxy Watch5 and Pixel Watch launches,PRODUCT_LAUNCH,positive,y,4,
G099,0dd29af02288553cdbe0c2ee869fa0bb5a0fdbe1,gdelt,2022-02-15T06:00:00Z,MSFT,Microsoft to fully reopen its headquarters on February 28 as Covid subsides,OPERATIONAL_ESG,positive,y,4,
G100,e16ec6f2c580c8a37bcd53416b2bf2f79d2bc586,gdelt,2021-11-24T09:00:00Z,BA,Boeing awarded $60m sustainment contract for RAAF Poseidon fleet,OTHER,positive,y,6,
G101,81f01f110a8677a9cfbdd292850c61236137f699,gdelt,2022-04-20T07:00:00Z,MKT,Gold or Bitcoin? The world's top crypto looks soft in the era of hard assets to hedge inflation,OTHER,neutral,,4,
G102,23415030d21e5f9eaec628c4a119ba506db8ac3c,gdelt,2022-05-27T11:00:00Z,MKT,95 distressed labourers get Tk 43 lakh grants in Rajshahi,OTHER,positive,,3,
G103,d8ca42262cacab3a8271d8a58f92453fa6a62dad,kaggle_tweets,2022-01-27T19:45:08Z,TSLA,"Correx: $TSLA on pace for worst quarterly reaction since stock dropped 13.6% after reporting Q2 2019 numbers. Stock also dropped 14.5% after Q3 2013 report. That's the steepest drop post earnings I see. Tesla missed numbers BOTH times prior. This is worst reaction to a ""beat.""",EARNINGS,negative,y,8,
G104,a7627382d5cfaf0b7991030cca329c03ade2290f,gdelt,2022-07-14T19:00:00Z,JPM,"US stocks fall as JPMorgan releases weak earnings, warning",EARNINGS,negative,y,8,
G105,e429a59c2687b66dc3d3a72132e3b9f67a1ad035,gdelt,2022-07-13T19:00:00Z,TSLA,SpaceX Starship booster 'probably' returning to pad after explosion – Elon Musk | Kat Country 98.9,OPERATIONAL_ESG,neutral,n,4,SpaceX Starship event is not a Tesla event; no clear TSLA investor tone.
G106,cfc02fc857cf2625d6f6f34dbe12bcee91d0666a,gdelt,2022-04-28T22:00:00Z,META,Shares of Facebook parent Meta soar despite growth slowdown   -    New Delhi Times   -   India Only International Newspaper,OTHER,positive,y,6,
G107,caffa9f56202a43948f5d183e0f385bb143608bd,gdelt,2022-02-14T13:00:00Z,GOOGL,Google Made a Smart Lamp We'll Never Be Able to Buy,PRODUCT_LAUNCH,neutral,y,4,
G108,ca08a152ec871146bd5ebb0c7cb11b6628d973d5,gdelt,2021-11-10T12:00:00Z,GOOGL,EU court rejects Google's appeal of $2.4B antitrust fine,REGULATORY_LEGAL,negative,y,8,
G109,8cc3e5fea46c3326738d04af18904d1bd68d68dc,gdelt,2021-11-10T22:00:00Z,GOOGL,UK Supreme Court rejects mass-action lawsuit against Google,REGULATORY_LEGAL,negative,y,7,
G110,3cb4d449f38861362b52f9479e9e303813e205f4,gdelt,2022-07-04T13:00:00Z,MKT,Govt's IMF bailout decision a 'tragic mistake' – TUC,MACROECONOMIC,negative,,5,
G111,f43a3b5c23178a42ae73eb6881d56268e86c617f,gdelt,2022-06-16T20:00:00Z,MKT,Ground News - Revlon files for bankruptcy protection amid heavy debt load,CREDIT_EVENT,negative,,7,
G112,93f28ab375b32d4a1f0f07bca17ab7cd48c1cb7f,gdelt,2022-08-17T21:00:00Z,MKT,TPC Bankruptcy and District Court Opinions Uphold Uptiering Transaction and Teach an Important Lesson on the Need for Express Lender Protections in Debt Documents | Goodwin,CREDIT_EVENT,neutral,,6,
G113,68d8b071850430851bc835bb949ecd432613f85e,kaggle_tweets,2022-08-06T00:20:07Z,TSLA,"I’m all-in on Tesla, $TSLA, CEO Elon Musk, Jim Cramer has said.",OTHER,positive,y,3,
G114,4a55c8984ba67fe47143a089e02dca2dc899abfa,gdelt,2021-10-06T11:00:00Z,AAPL,tim cook: Read Apple CEO Tim Cook's email to employee on Steve Jobs 10th death anniversary,OTHER,neutral,y,2,
G115,6288b8b0406bd26487e73c16d4627d3ab4d815ec,gdelt,2022-08-22T15:00:00Z,MKT,AMC slumps as Cineworld's bankruptcy warning spells trouble ahead of APE debut,CREDIT_EVENT,negative,,6,
G116,ca6ad668196c2747b7d4d426416954ad29949321,gdelt,2022-09-13T13:00:00Z,DIS,Former Disney chief Iger to join VC firm Thrive Capital,OTHER,neutral,n,2,
G117,0047f75c1aa9015e1954b89a03397b4e03a5a533,gdelt,2022-03-16T05:00:00Z,NFLX,Kareena Kapoor Khan set to make Netflix debut with Sujoy Ghosh's film,PRODUCT_LAUNCH,positive,y,5,
G118,e42f16cdbb79c87b512291b2f0d38d7ea2efb298,gdelt,2022-06-16T18:00:00Z,TSLA,"elon musk: Elon Musk appeals ruling that upheld securities fraud settlement, Auto News, ET Auto",REGULATORY_LEGAL,negative,n,5,
G119,046d1e930b1af2d2304ecbccda495b7ff50388c7,kaggle_tweets,2021-11-15T11:00:30Z,TSLA,2/Elon’s decision to bleed out $TSLA shares rather than do a secondary increasingly seems about sending Washington a message. Elon’s bizarre Sunday tweet to Bernie asking if he should sell more shares (Wash would cheer; more sales means more taxes) just adds more fuel for shorts.,OTHER,negative,y,6,
G120,28994cdc3d4fe49290d07fa2184f1513592de370,gdelt,2022-05-23T15:00:00Z,MKT,"Jobs Up, Unemployment Rate Down In April - Banker & Tradesman",MACROECONOMIC,positive,,6,
G121,e9bd5322360e6d33c85592256c9623713f48bbc1,gdelt,2021-10-05T18:00:00Z,META,"Was Facebook's Outage Really An Accident, A Hack Or Sabotage?",OPERATIONAL_ESG,negative,y,6,
G122,691e1951c26bb77170a129b44097b737bb9ccdb9,gdelt,2022-07-15T02:00:00Z,AMZN,"Post Amazon Prime Day Sneaker Deals: Sales Still Available on Saucony, Adidas, New Balance, and More",OTHER,positive,y,3,
G123,c44e8b58c18ef671e3f8944ad7d183ee906dff51,kaggle_tweets,2022-04-14T13:22:28Z,TSLA,Another side of the @elonmusk $TWTR buyout story is how many shares of $TSLA does he need to sell to buy $TWTR 🧐,MERGER_ACQUISITION,negative,y,5,The tweet explicitly discusses how many TSLA shares Musk might need to sell.
G124,175367dee5d48f1615d3c084f5e47d5efa5d80f9,gdelt,2022-08-05T09:00:00Z,MSFT,Microsoft launches PowerToys v0.61.1 as an important stability-fixing update,PRODUCT_LAUNCH,positive,y,4,
G125,154c047c28d77dc38dd9451aea5281b365e46f55,gdelt,2022-04-19T13:00:00Z,NFLX,Netflix Renews 'Big Mouth' For Season 7 and Spinoff 'Human Resources' For Season 2 | Entertainment,PRODUCT_LAUNCH,positive,y,5,
G126,fb4135c47e5df0566e5d409edd5b9c5a9042049e,gdelt,2022-01-12T23:00:00Z,MKT,On the Money — Inflation hits highest level in decades,MACROECONOMIC,negative,,8,
G127,4c4d85bd380abd96b594a08a9c7ac0ce38df4578,kaggle_tweets,2022-03-07T23:08:33Z,TSLA,"Pretty unfortunate that 3 major $TSLA catalysts ( Shanghai capacity doubling, Berlin & Austin approval) are taking place during a negative Black Swan event.",OTHER,negative,y,5,
G128,3a40a37d72d93e1f8f4875780f58f1727496c170,gdelt,2022-03-04T20:00:00Z,GOOGL,Google confirms the acquisition of Fitbit despite governments around the world saying it ain't so,MERGER_ACQUISITION,positive,y,8,
G129,2739695bcac21ad3c6bdad813a6d8efe7748033e,gdelt,2022-08-25T09:00:00Z,MKT,"Sony raises price of PS5, blames inflation",OTHER,neutral,,3,"PS5 price increase is a company pricing action, not a macroeconomic event."
G130,47b3a25d52e318a4bdb13a8bef3c8d270abc49ba,gdelt,2022-03-21T12:00:00Z,BA,China plane crash: Horror as Boeing 737 carrying 133 people smashes into mountains,OPERATIONAL_ESG,negative,y,9,
G131,296dc855e99681d4daaa77f6a640813f8ffe2ceb,gdelt,2021-11-16T11:00:00Z,GOOGL,Google Chrome 96 Launches with Good News for Windows 11 Users,PRODUCT_LAUNCH,positive,y,6,
G132,57ab4d624170058c8e670f2e6a4682cdc85f7bd0,gdelt,2022-01-21T15:00:00Z,MKT,"Burning for five decades, Amar Jawan Jyoti to be merged with torch at National War Memorial; all you need to know",OTHER,neutral,,1,
G133,4f7768a78fbbb9ea06c4d6de137e5064e902483a,gdelt,2022-02-10T20:00:00Z,MKT,First-time jobless claims decline 29% in state,MACROECONOMIC,positive,,5,
G134,167915277773ac7c5c52833484f2d052dcbafcf2,gdelt,2021-12-28T20:00:00Z,NFLX,Netflix's 'Cheer' is back for season 2 — and star Jerry Harris' arrest on child-porn charges will be addressed in the new episodes,PRODUCT_LAUNCH,neutral,y,3,
G135,0edb4c07e1477fe9ce6b4d345a5df076636e6532,gdelt,2021-12-01T00:00:00Z,GS,SHAREHOLDER ALERT: Pomerantz Law Firm Reminds Shareholders with Losses on their Investment in Tencent Music Entertainment Group of Class Action Lawsuit and Upcoming Deadline against Goldman Sachs Group Inc. and Morgan Stanley – TME,REGULATORY_LEGAL,negative,y,6,
G136,e34c266ddbc182777e8a86d9dd70a80e541d4b74,kaggle_tweets,2022-07-06T20:12:00Z,AAPL,$AAPL to release 'extreme sports' version of Watch with larger screen,PRODUCT_LAUNCH,positive,y,7,
G137,501dd2766a4d24c4a6c11b2aa2cf66816c9aa1aa,kaggle_tweets,2021-12-14T11:43:45Z,TSLA,"$TSLA accepting #DOGE or any other crypto as payment for TSLA merchandise would normally be a non-issue. With instit PMs turning away from TSLA while Elon’s selling continues, it’s one more thing to keep buyers on the sideline. The buyer strike ends once Elon completes his sales.",OTHER,negative,y,5,
G138,0501a08336a3fda4e7355508adc4c510b9a0d1bb,gdelt,2022-03-25T13:00:00Z,NFLX,Netflix Release First Look At Stranger Things Season 4,PRODUCT_LAUNCH,positive,y,4,
G139,be243219e9ace19d289d10e21beec7258cbfa3cf,gdelt,2021-11-12T11:00:00Z,GOOGL,Google loses appeal in $2.8B EU antitrust case,REGULATORY_LEGAL,negative,y,8,
G140,0dcb10d4e0fbbb33499978be2ca36d9ac31f7aec,gdelt,2022-08-11T13:00:00Z,AAPL,Moderna CEO says Covid vaccines will evolve like 'an iPhone',OTHER,neutral,n,1,
G141,d72c3a180240bfd38bac2ea63595b489e7d21145,kaggle_tweets,2021-12-19T16:19:04Z,TSLA,"If I go all the way with $TSLA it won’t be because of a lucky bet. I’ve bought every year since 2015 and have every share. I’ve visited 3 Gigafactories and attended the Cybertruck launch. I predicted $29,166 per share in 2030. I predicted traditional auto will get wiped out.",OTHER,positive,y,4,
G142,de4c46075abf7ad6e89e064135427dc9faa92e6d,kaggle_tweets,2021-12-06T15:35:50Z,TSLA,For the first time EV sales surpass diesel car sales in Portugal 🇵🇹 an historic momment @Tesla mission is succeeding @jpr007 @electricfelix @alex_avoigt,OTHER,positive,y,4,
G143,b7a3d3312bdeb90cef895669c65fc69cac4e7f09,gdelt,2022-01-12T09:00:00Z,MKT,Comics 411: Looking At The Latest X-Men Team Election,OTHER,neutral,,1,
G144,b8578e3ed41300b1a8c46e1c6a204a5aaec3e9a1,gdelt,2021-11-02T21:00:00Z,NFLX,"Netflix Launches 5 New Games for Android Smartphones, Including Stranger Things 3; Read More",PRODUCT_LAUNCH,positive,y,6,
G145,f8e92eae194f1bc1c71bc2e4b4ea9927644e07b9,gdelt,2022-09-14T14:00:00Z,GOOGL,Google - European Union court upholds 2018 Google Android antitrust penalty,REGULATORY_LEGAL,negative,y,8,
G146,1aa1c87fd2cfedb2eaa32d07905fd096c2e52021,gdelt,2022-02-16T22:00:00Z,MKT,"SA inflation eases, retail sales surge",MACROECONOMIC,positive,,7,
G147,f66d0caae65279c1d51dde97a19e4b579c6eb938,gdelt,2022-02-25T02:00:00Z,MKT,"U.S. Is the Ultimate Safe Haven for Your Money During Russia's War on Ukraine, Blackstone's Joe Zidle Says",OTHER,neutral,,4,Safe-haven commentary during a war is market commentary rather than a discrete geopolitical event.
G148,f9149b96fcb4857c16bb025184979cb3254bf75b,gdelt,2022-06-10T16:00:00Z,NFLX,Netflix to debut doc about history of LGBTQ stand-up comedy,PRODUCT_LAUNCH,positive,y,4,
G149,b82644fca92dd1967d6e68893b846310642befb4,gdelt,2022-06-15T20:00:00Z,NFLX,Netflix and Mo'Nique settle lawsuit over alleged discrimination,REGULATORY_LEGAL,positive,y,5,
G150,2cf06a111c7199b1f08d76e56905d900336331d3,gdelt,2022-03-04T12:00:00Z,MKT,China likely to unveil lowest GDP target in more than three decades (NYSEARCA:FXI),MACROECONOMIC,negative,,6,
G151,ac4f38376b844c9e367bebc732a22e9f4a27268d,kaggle_tweets,2022-08-21T12:43:56Z,AMZN,"Look at $AMZN For decades, the company was optimized for growth, not earnings, so the P/E ratio looked crazy In 2017, it finally started to optimize for earnings",OTHER,positive,y,4,
G152,7293c4294a9eb46ebf3dcac82e1b8f817908f969,kaggle_tweets,2022-04-18T13:06:47Z,TSLA,"Delaware ruling that the $tsla $420 tweet was indeed both false & fraudulent- a ruling Musk was aware of when he he doubled down at TedTALK- is the only relevant Tesla news Billions in liability, 0 credibility for Elon, and added pressure for SEC & DOJ to pursue Elon criminally",REGULATORY_LEGAL,negative,y,9,
G153,990e67261451a23718914f37bfaeb73880164a04,gdelt,2022-04-14T12:00:00Z,TSLA,Elon Musk offers to buy Twitter; check how much he's offering to acquire microblogging platform | Technology News,MERGER_ACQUISITION,neutral,n,6,
G154,806882effe7b68fcac00e60fd128d1ec4fa28624,gdelt,2022-02-28T21:00:00Z,CVX,Chevron to acquire REG - Business Record,MERGER_ACQUISITION,positive,y,8,
G155,0e405222661987493ac3d4838f33691af0aecfc1,kaggle_tweets,2022-08-08T18:56:59Z,TSLA,$TSLA stock was doing just fine until Elon said that one words at the investor meeting...Twitter. Ever since the stock has suffered and provided yet another outlet for CNBC to go after each and every day. He just needs to be quiet about it until the overhang is removed.,OTHER,negative,y,6,
G156,178cd0b4af239956815c04aab59cc45c7321a0b9,gdelt,2022-04-26T10:00:00Z,TSLA,Elon Musk strikes deal to acquire Twitter for $44 billion; a look at the largest tech acquisitions ever,MERGER_ACQUISITION,negative,n,7,
G157,95a2c98e5c67b9eee9135817ae37705218d2f38e,gdelt,2021-12-10T18:00:00Z,DIS,Marvel Studios' Eternals Sets Disney+ Streaming Debut,PRODUCT_LAUNCH,positive,y,5,
G158,aeab05fc45ad7bf69ca6fe8bc328490474d38ec0,kaggle_tweets,2022-03-08T18:28:36Z,TSLA,"Tesla $TSLA Has Clear Path to $1,400 with Giga Berlin Approval, Wedbush Says",OTHER,positive,y,6,
G159,be4346c5a7158c80e5b31f83ec71ffc80fe38e12,gdelt,2021-10-18T23:00:00Z,NFLX,Netflix stock price forecast ahead of earnings amid $900 million 'Squid Game' windfall,OTHER,neutral,y,3,
G160,cc61cdeddba5e3b6a6899d42ece074190f499505,kaggle_tweets,2022-03-14T19:22:03Z,TSLA,It's been a while since the 10-year has been up 7% in a day. I personally think markets have much worse Fed reaction priced in than we'll get. We'll see high PPI tomorrow but Fed on Wednesday will ease markets by talking (once again) about its QT not occurring until later. $TSLA,MACROECONOMIC,negative,n,5,
G161,1f0889a1fd42cae53806d0c08056af6f36a0611d,gdelt,2022-04-06T23:00:00Z,TSLA,Elon Musk made another $1 billion from his Twitter stake. As if he needs it,OTHER,neutral,n,3,
G162,28d0e0d58d90e0ccdf151b80e24530390587e39c,gdelt,2022-05-19T18:00:00Z,BA,Boeing's Starliner looks to launch today playing catchup to SpaceX – Sun Sentinel,PRODUCT_LAUNCH,positive,y,6,
G163,b77447aae670e947d5bb49d6de94aa50d08a193d,gdelt,2022-07-20T23:00:00Z,TSLA,Tesla Earnings and Revenue Beat in Q2 By Investing.com,EARNINGS,positive,y,8,
G164,91d6ecf77f35f9d0012043eb5afe3af51908809f,gdelt,2022-03-29T18:00:00Z,"AAPL,GOOGL,AMZN","DOJ backs antitrust bill targeting Apple, Google, Amazon",REGULATORY_LEGAL,negative,y,7,
G165,5b7760e4122bd9114dabddde06160cea15d06532,gdelt,2021-12-22T23:00:00Z,MKT,W. Glenn Jensen Bankruptcy Attorney Roetzel Andress,OTHER,neutral,,1,
G166,e0d4d51409b224c230b42d96877ffbf1a84f54fc,gdelt,2022-07-26T15:00:00Z,DIS,BUILD-A-BEAR WORKSHOP CONTINUES 25TH ANNIVERSARY CELEBRATION WITH NEW VAULT RELEASE AND SPECIAL POKÉMON AND DISNEY PRINCESS COLLABORATIONS,PRODUCT_LAUNCH,positive,y,4,
G167,625a6f42e1cbb1086e404693f8287919aa8bd494,gdelt,2022-09-15T10:00:00Z,MKT,Seoul shares down for 2nd day amid US inflation rout,MACROECONOMIC,negative,,5,
G168,ea1f4a08a804148e335400f7d4b7ccb7fdd532b7,gdelt,2022-01-28T11:00:00Z,AAPL,Apple sales and profit top estimates as hit from chip shortages eases,EARNINGS,positive,y,8,
G169,a462411ee45ad1b3b15a18876d8d35c507e690ed,kaggle_tweets,2022-01-12T13:41:49Z,TSLA,Inflation has peaked 🥳 $TSLA 🚀🌕❤️,MACROECONOMIC,positive,n,4,
G170,33c000dfcb592487342bc735d1500f3928f1d619,kaggle_tweets,2022-01-24T14:51:19Z,TSLA,Quick $TSLA technical analysis question. What happens if the bid for shares from here to here was totally artificial and driven by the options market?,OTHER,neutral,y,3,
G171,bbbe26cf20153e7d1c14441ec22faa41a32868c5,kaggle_tweets,2022-03-04T11:48:01Z,TSLA,$TSLA -1.2% to $829 pre-mkt as market risk appetite remains deep red. Equities down (SPX -0.8% NDX -0.8%) as Zaporizhzhia nuclear plant fell under control of Russian military. Risk appetite has plummeted with next peace talks Mon. 10yr TY 1.779% -6.2bp. Feb jobs 830ET (+420K E).,GEOPOLITICAL,negative,n,7,Primary event is the Russian military gaining control of a Ukrainian nuclear plant; TSLA is only linked via market context.
G172,06d21491383369fc460e2ebb0a55509676b6ddd5,gdelt,2022-02-04T01:00:00Z,AMZN,Amazon Prime price going up even with doubled 4th quarter profit,OTHER,positive,y,6,"Main event is a Prime price increase; doubled profit is supporting context, not a reported earnings result."
G173,c780b9f53733eb30660529e4faffcad35a92043c,gdelt,2021-11-02T19:00:00Z,NFLX,Netflix Games to launch for Android users | Borehamwood Times,PRODUCT_LAUNCH,positive,y,5,
G174,07e8ecbfe342884ff1b498823829f3d882c330b3,gdelt,2022-02-04T16:00:00Z,MKT,Investegate |Auriant Mining AB Announcements | Auriant Mining AB: Auriant Mining AB (publ.) confirms that  all false insolvency petitions  regarding its Russian subsidiaries have been struck out,CREDIT_EVENT,positive,,4,
G175,feb384a1dba671cb32dcbe6f5c71bd8509808051,gdelt,2022-09-23T12:00:00Z,MKT,Big Run Council gives update on War Memorial Fund theft case,REGULATORY_LEGAL,negative,,3,
G176,2ffdc19c842025b2bf0057cf7ae18cd2fd984896,gdelt,2021-11-17T21:00:00Z,MKT,"Pentagon boosts housing money for troops, as hunger persists",OTHER,neutral,,2,
G177,65b9346d0657bdb293456b1425e7e18cb05f4728,gdelt,2022-05-09T19:00:00Z,TSLA,Inside Elon Musk's plans to change Twitter forever - and increase revenue by $20 BILLION,OTHER,neutral,n,3,Headline is about Musk/Twitter plans; no Tesla event is reported.
G178,8e8cdc6103b136b0c748ee2d2daef54a0a339648,kaggle_tweets,2022-07-28T20:38:36Z,AAPL,APPLE CFO SAYS OVER 860 MILLION PAYING SUBSCRIBERS NOW APPLE CFO SAYS SEEING NO DEMAND SLOWDOWN FOR IPHONES - CFO Interview via Reuters $AAPL,EARNINGS,positive,y,7,
G179,2dd88a9f2a2e7e8f7e15a50204be0afc2eefa20b,gdelt,2022-07-19T14:00:00Z,GOOGL,Google introduces new in-app purchase policy for EEA users – TechCrunch,OTHER,neutral,y,4,
G180,b25a22e263a91cd48dc3996411e1fac0de727c98,kaggle_tweets,2022-02-24T18:24:23Z,TSLA,"$TSLA *MUSK AND TESLA WON'T GET HEARING OVER SEC ACTIONS, JUDGE SAYS",REGULATORY_LEGAL,negative,y,8,
G181,34646f41058fdfb700f0a2e547195e884a4cdeba,kaggle_tweets,2021-12-18T11:53:53Z,TSLA,"Go camping in your Tesla, with Camp Mode. Where would you want to use this feature? @elonmusk $TSLA",PRODUCT_LAUNCH,positive,y,4,
G182,28904a15c796316d9fbf1f6b4ed01326c179defa,gdelt,2022-03-04T12:00:00Z,MSFT,Activision blames Microsoft acquisition for failure to hire another woman to its board,MERGER_ACQUISITION,negative,y,5,
G183,943093ed002c741cdc8b489ac4778f0d50efa9fa,gdelt,2022-08-01T05:00:00Z,MKT,Vietnam's tuna exports predicted to surge ahead amid high global inflation,MACROECONOMIC,positive,,3,
G184,9fe66baf5e593adb589613f52a84db0c1076aafa,gdelt,2022-06-02T19:00:00Z,TSLA,La lettre cinglante d'Elon Musk à ses employés qui pratiquent le télétravail,OTHER,neutral,y,4,
G185,7dda03337b927ea14693c36af424a0025b2677c4,gdelt,2022-01-11T04:00:00Z,NFLX,Kanye West Doc 'Jeen-yuhs' Going to Theaters Before Netflix,PRODUCT_LAUNCH,positive,y,4,
G186,dc73a5d82c9a45dae09bfd10300b886bb00c15db,gdelt,2021-10-04T19:00:00Z,"GOOGL,META","WhatsApp-Facebook Outage: Hello Literally Everyone: Twitter, Google Take Swipe At WhatsApp Outage",OPERATIONAL_ESG,neutral,partial,6,
G187,00ae050e2c5641d2dcc63ea6f25d40b93f1dfab6,gdelt,2021-12-09T10:00:00Z,AMZN,Italian regulator fines Amazon $1.28 billion for abusing its market dominance,REGULATORY_LEGAL,negative,y,9,
G188,c8262380eb4869ce8799652b4ab837aefa455f32,gdelt,2022-02-14T22:00:00Z,MKT,Shasta County's recall election was a successful and alarming anti-government bid.,GEOPOLITICAL,neutral,,3,
G189,bd6fbc8c5e76e824deeffe5b51676cd10e4fab95,kaggle_tweets,2022-05-22T16:04:14Z,TSLA,Once we whip inflation into shape the US is ready for an 80s style bull market. Clean energy and transportation neuters all our enemies. #tesla $tsla,MACROECONOMIC,positive,y,4,
G190,4bf85cb3f857a3bd231a72401016735076e8590c,gdelt,2022-07-12T15:00:00Z,CVX,Sharkey Howes & Javer Sells 586 Shares of Chevron Co. (NYSE:CVX),OTHER,negative,y,2,
G191,98b903efd0eaa7368964936a1df86e23226c23f4,kaggle_tweets,2022-04-14T12:05:20Z,TSLA,"I'm going to pick up a few here at $999 just for some position. I saved about $70,000 by my earlier sale in PM so I'm going to slowly start to buy small lots to rebuild. Should the trap door fall out, I'll exit. $TSLA",OTHER,positive,y,3,
G192,a423b6005decc5d38dc1c4e060f9ed9a8c0a7203,gdelt,2021-10-27T10:00:00Z,NFLX,"Netflix Squid Game: Latest News & Videos, Photos about Netflix Squid Game  | The Economic Times",OTHER,neutral,y,2,
G193,e6404405f6c494f9a2facc57d1e1b424bd17fa45,gdelt,2022-05-16T09:00:00Z,TSLA,Ford is better than TV ad jabbing Tesla CEO Elon Musk,OTHER,negative,y,3,
G194,56fc9d168860ada28e932d27e20ebe4f387c5641,kaggle_tweets,2022-01-30T14:44:17Z,"TSLA,COST",@GerberKawasaki Spent 70 bucks filling up my car yesterday at Costco after waiting 20 min in line. I want a Tesla but putting everything on $TSLA. This may be the first time when I think getting a car loan makes sense. Only if its a Tesla.,OTHER,positive,y,3,
G195,60317644d326ce0f4ed44aaeeadae044564eb1d1,gdelt,2022-01-21T08:00:00Z,JPM,"Own AGL (ASX:AGL) shares? JP Morgan is overweight, tips 23% upside in 2022",OTHER,neutral,n,2,Headline is about AGL and a JPMorgan analyst view; it is not a JPMorgan corporate event.
G196,8f4794c49de65535fe552985a1433cd5cf70e344,gdelt,2022-03-22T16:00:00Z,DIS,"Disney employees stage 'huge' walkout to protest 'Don't Say Gay' bill response, as company says it supports LGBTQ community",OPERATIONAL_ESG,negative,y,6,
G197,2906ff4e0fb563f778bb5bcb21572e9bb79fc644,gdelt,2022-05-18T20:00:00Z,TSLA,Elon Musk showing signs of cold feet in Twitter buyout,MERGER_ACQUISITION,neutral,n,5,
G198,59cdfdcb37999008ff93ab06b3e469e9c5b8a839,kaggle_tweets,2022-03-31T16:51:41Z,AMD,Coming up at 1p @RiskReversal & @LizYoungStrat discuss: -Worst quarter for stocks in two years & what to expect in Q2 -Liz's latest note on Housing -The dramatic $RH earnings call - $AMD downgrade -Viewer questions! Sponsored by @FactSet @SoFi @OpenExc,OTHER,negative,y,5,
G199,cfb281272f8a781012ea234bdf00bc4fdebf23eb,gdelt,2022-01-24T22:00:00Z,MKT,Chicago Fed Economic Activity Index Unexpectedly Plunges as Production and Consumption Weaken,MACROECONOMIC,negative,,6,
G200,2d364ba2e8af1d21c41e3d3741c0bdbf5343c96a,kaggle_tweets,2022-07-08T15:25:26Z,DIS,"Disney’s, $DIS, Thor: Love And Thunder grossed $29 million in the US box office on Thursday previews alone, per Forbes.",OTHER,positive,y,4,
G201,02a2439eab174cf7a6ce6b8cb364accc378d74e9,gdelt,2022-04-26T04:00:00Z,TSLA,Shaun King: Elon Musk Twitter purchase 'about white power',OTHER,negative,n,4,"This is commentary/attribution about the Twitter purchase, not a new acquisition event."
G202,07ab2baa2c7adbe047a7e064ac469e8a8ae1b120,gdelt,2021-10-04T19:00:00Z,META,Clegg leaps to Facebook's defence after whistleblower accuses company of choosing 'profit over safety',OPERATIONAL_ESG,negative,y,6,
G203,35ee6df99e7263ec576461fbdee9abf8b88f43fa,gdelt,2022-04-20T23:00:00Z,TSLA,Judge rejects gag order in suit over 2018 Elon Musk tweets,REGULATORY_LEGAL,negative,y,7,
G204,f9c2b1d90774b30847e52909be924c95397b5d29,gdelt,2022-08-25T20:00:00Z,META,Mark Zuckerberg confirms new Meta VR headset will launch in October,PRODUCT_LAUNCH,positive,y,7,
G205,52dfae2cab4a5479e0c10c0996e2accb7e58fb60,gdelt,2022-06-22T13:00:00Z,MKT,Hellenic Telecommunications Organization (OTCMKTS:HLTOY) Downgraded to Equal Weight at Barclays,OTHER,negative,,3,
G206,1d8534de10bfaf2e55b4325effd8583169d47d32,gdelt,2021-12-10T02:00:00Z,MKT,Congress is set to avoid a debt default after Senate approves a path forward,CREDIT_EVENT,positive,,8,
G207,9528b5a7991c86cd59fb2aaaf1d93a8c4e954e73,kaggle_tweets,2022-07-18T10:12:33Z,TSLA,"2/ IMO investors will look through $TSLA 2Q results as a one-off qtr. Key #: 2Q GM ex-ZEV Street 25.4%, my est 26.0%, 1Q 30.0%. China product’n accounted for just 44% of 2Q vol (59% in 1Q). One time charges: #btc $445M, Restructuring $180M; TSLA may release some FSD Def Rev.",EARNINGS,neutral,y,6,
G208,efc2d8ad219732666d29e3dd7a5eb542db775af5,gdelt,2021-11-15T14:00:00Z,MKT,"NBFC Q2 loan sanctions up 17% YoY, personal loans up 90%: Report",MACROECONOMIC,positive,,4,
G209,3626fe93f3974f4b771b7c940c6e39181a824f63,gdelt,2021-10-04T11:00:00Z,CVX,Chevron CEO: Oil Prices To Remain Higher For Longer,OTHER,positive,y,5,
G210,376b748e36d9bdc53cd6a303432a40076cd8642b,gdelt,2021-10-29T11:00:00Z,CVX,"Chevron posts highest profit in eight years on surging oil, gas prices",EARNINGS,positive,y,9,
G211,5b021e94e7acb63bb79cac7d704dffc08255d740,gdelt,2022-07-22T02:00:00Z,DIS,'National Treasure: Edge of History' Debuts First Teaser for Disney Plus Series During Comic-Con 2022,PRODUCT_LAUNCH,positive,y,5,
G212,20e345afa80923835c2a85edeca0ee551eea1a9d,kaggle_tweets,2022-01-26T11:50:02Z,TSLA,Nice looking PM. That could all chance at 2:00pm eastern and then again after 4:00pm eastern. $TSLA,OTHER,neutral,y,2,
G213,db4fb1929b133625f7442e20c6bb3d3d7ed870be,gdelt,2022-07-22T04:00:00Z,GOOGL,"Obi, Bianca, Putin, ASUU strike top Nigerians' Google search in H1 — Nigeria — The Guardian Nigeria News – Nigeria and World News",OTHER,neutral,y,2,
G214,53b6f328367418e8886de5c3dd9ae6837bf598cd,gdelt,2022-05-26T21:00:00Z,COST,Costco: Fiscal Q3 Earnings Snapshot,EARNINGS,neutral,y,6,
G215,4a1a0531868522b32bac05480c2132cad32e7bbe,gdelt,2022-08-30T13:00:00Z,MSFT,Surface Duo 2 source code suggests Microsoft considered Wi-Fi-only model,OTHER,neutral,y,3,
G216,0f2bf58a0be5ea23bd1fc729bf240dd16c1a803f,kaggle_tweets,2022-05-01T16:56:42Z,TSLA,I would not be surprised if a class action lawsuit was filed by @Tesla shareholders v @elonmusk & the company over Elon's efforts to purchase @Twitter since the latter will negatively impact the value of the former. Musk has important fiduciary duties to the Tesla shareholders.,OTHER,negative,y,5,"The lawsuit is hypothetical (“would not be surprised if”), so no actual legal event is reported."
G217,daf933d0c09dfdc76a06a2360cc8d66330f81c41,gdelt,2021-12-09T10:00:00Z,AMD,Horizon Zero Dawn supports NVIDIA and AMD upscaling on PC,OTHER,positive,y,4,
G218,18db2b747b75267a9103b6ebc71a4bede28ba95a,kaggle_tweets,2022-01-20T10:30:48Z,TSLA,"$TSLA +1.6% to $1,012 pre-mkt. Equities recovered (SPX +0.4% NDX +0.6%) as 10yr TY fell -3.0 bp to 1.834%. Biden announced his intent to pass BBB piecemeal, implying standalone EV credit bill. TSLA 4Q/FY’22 EPS ests continue to rise into next Wed 4Q print (4Q $2.55 vs $2.31E).",OTHER,positive,y,7,
G219,b5be71ce99abc99427c4cd21851f374b2c2d24cc,gdelt,2022-02-25T17:00:00Z,JNJ,"Johnson and Johnson, other distributors to pay $26 billion in opioid settlement",REGULATORY_LEGAL,negative,y,8,
G220,01d6dc366e78491a090d46211ad127711380abdf,gdelt,2022-04-27T17:00:00Z,TSLA,Tesla's Shares Crash Losing $126 Billion In Value A Day As Musk's Twitter Acquisition Spooks Investors,MERGER_ACQUISITION,negative,y,9,
G221,5c757105350b9d5ecdef5d9e2b73d3e67f061fe5,gdelt,2021-10-22T23:00:00Z,NFLX,Plan Your Screen Time With Netflix For November,OTHER,neutral,y,2,
G222,f999995a53b0546492e922c0a835a18c176f20c5,gdelt,2022-04-21T06:00:00Z,TSLA,Tesla Q1 earnings 7 times more than year ago on strong sales,EARNINGS,positive,y,9,
G223,266bf77a28b48156f345125886d61edb24b98d7a,gdelt,2021-12-18T18:00:00Z,MKT,A new Cold War embedded in 'strategic competition',GEOPOLITICAL,negative,,6,
G224,14af73baccbe0389b6fcca27f496ccda69945b29,gdelt,2022-05-19T16:00:00Z,"INTC,KO,JPM","Investors Protest Executive Pay At Jpmorgan, Intel And Coca-cola",OPERATIONAL_ESG,negative,y,5,
G225,5d800451b83c8e75194d71e62dc3274a9097dd22,gdelt,2022-03-30T12:00:00Z,MSFT,Microsoft launches a research institute in Nairobi as it seeks to advance scientific knowledge,OTHER,positive,y,4,
G226,d4d25625fc8b14464c10de88a20e4bc369d1dd4a,gdelt,2022-01-28T18:00:00Z,TSLA,"After Tesla stock crashes 34%, is it time to buy?",OTHER,negative,y,7,
G227,49d75b5437809313d6c10f8746904f516aa42c09,gdelt,2022-06-23T03:00:00Z,KO,Register to win a Coca Cola Pit Boss grilling kit | 101.5 WYNK,OTHER,neutral,y,2,
G228,4cb66103b0834c41ba06768e9449041b3c657f40,gdelt,2022-04-01T15:00:00Z,GOOGL,Has the Google Street View Car Made You Famous?,OTHER,neutral,y,1,
G229,5419537776aeab9406f037d56c8a68c8b072bd78,kaggle_tweets,2022-02-14T14:05:09Z,AMD,One of the biggest surprises in my discussion with @AMD CEO @LisaSu was that we should see the first AMD processor with Xilinx #AI IP in 2023. $AMD,PRODUCT_LAUNCH,positive,y,7,
G230,39db3478e3fda94a223c237079c1234d9f55c28c,gdelt,2022-04-01T00:00:00Z,MSFT,U.S. Senators Pushing to Scrutinize Microsoft/Activision Merger,REGULATORY_LEGAL,negative,y,7,
G231,3c80b24c649213c74cc4113d02de346c34219682,gdelt,2022-07-29T19:00:00Z,INTC,"Intel Corporation Stock price history, chart, earnings",OTHER,neutral,y,1,
G232,3794b547b1c20da80824d9fbc9f648485536890e,kaggle_tweets,2021-10-20T00:48:16Z,"NFLX,TSLA","5/ Will stock sell on the news? $NFLX 3Q beat on all metrics and met 4th qtr subs guidance, but stock -1.4% AH after 11% run up since Squid Games release. TSLA analysts will play leapfrog to raise FY’22 ests and PTs ($670 avg) offsetting normal selling pressure. Maybe 1-2% hit.",EARNINGS,negative,y,5,
G233,5c34a3e82e865ce37a148e4d299eda3b6a389c34,gdelt,2022-04-26T22:00:00Z,MKT,Man Fails in Second Attempt for Default Judgment Against Rapper Famous Dex,REGULATORY_LEGAL,neutral,,3,
G234,855facb38e0b5b4295ab6763181e6c28554eaf1c,gdelt,2022-07-26T18:00:00Z,MKT,Xinjiang's GDP up 4.9 percent in H1,MACROECONOMIC,positive,,5,
G235,30a947e5d2711ccb9cb5b38b999bfa68251ecfe6,kaggle_tweets,2021-10-16T07:09:38Z,TSLA,"The entire military industrial complex is largely a subsidy of the fossil fuel industry, under the premise that our economy & national security depend on polluting cars. But it doesn’t have to. We can diversify. @elonmusk $TSLA",OTHER,positive,y,3,
G236,3a9c685312a8997c6733bef0c229b7a33c7ef548,gdelt,2021-12-16T17:00:00Z,META,Gauri Khan shares first Instagram post after Aryan Khan controversy,OTHER,neutral,n,1,
G237,8b594a326a22157a09f39c04dd1f0953b6368cca,gdelt,2022-02-10T02:00:00Z,BA,Boeing to buy 2M gallons of blended SAF from EPIC Fuels  : Biofuels Digest,OPERATIONAL_ESG,positive,y,5,
G238,1e299ed275f8638b004c6417f170ce97c357e9d9,kaggle_tweets,2022-06-14T01:59:29Z,TSLA,"Bitcoin will probably trigger a $400-$500M impairment expense on $TSLA's financial results this quarter. This on top of a ~$100M restructuring expense, on top of inefficiency expenses related to the Shanghai shutdown/Fremont overtime. Q2 will suck, but Q3/4 will be great.",EARNINGS,negative,y,8,
G239,bb7f76db8c6457d4de8d8905d9a1623e6495df77,gdelt,2022-03-01T18:00:00Z,MKT,"Spain has least exposure to economic fallout from Ukraine invasion, minister says",MACROECONOMIC,positive,,3,
G240,a776a304eead39159148c469ee7692efbb03533a,gdelt,2022-04-27T19:00:00Z,TSLA,Leaked Audio – Twitter Company-Wide Meeting Addressing Elon Musk's Takeover. MORE TO COME! – Investment Watch,MERGER_ACQUISITION,neutral,n,4,
G241,cc85c6babb6e8ead452bfd5716b0c1c35bbc8035,gdelt,2022-01-05T02:00:00Z,MKT,"North Korea Conducts First Missile Test of 2022, Neighbors Say",GEOPOLITICAL,negative,,7,
G242,0c0289bab76f1535d69609c7ce63901bbea5d14d,gdelt,2022-07-30T18:00:00Z,NFLX,"Netflix's That '70s Show Spinoff Has Wrapped On Its First Season, See How The Lead Star Celebrated",OTHER,positive,y,3,
G243,4b71083f0449c3b99e045aab6c6564f942db88a8,gdelt,2022-04-04T16:00:00Z,MKT,"Beyond Pussy Riot: rock, pop, rap & the Russian invasion",GEOPOLITICAL,negative,,5,
G244,ba0051210afc99c0e01abd3838163ebce5ae67cb,gdelt,2021-10-21T16:00:00Z,NFLX,Netflix Employees Stage Walkout Over Dave Chappelle Special,OPERATIONAL_ESG,negative,y,7,
G245,86905df3209f4684ca9a4dca9456630432251f0c,gdelt,2022-04-25T16:00:00Z,KO,Coca-Cola Co (NYSE: KO) Unveils an Intergalactic Drink with a Bright Red Color,PRODUCT_LAUNCH,positive,y,6,
G246,ff45acaadf3afeb0b0223aaf7bfc1c9f00d29d2c,gdelt,2021-10-25T05:00:00Z,GOOGL,"Google Becomes Eco-Friendly - Google is updating Maps, Search, and Other Products with an eye on emissions",PRODUCT_LAUNCH,positive,y,4,The headline is about updates to Google products; this fits a product/feature update more closely than ESG.
G247,d265eb22c79905de7cf8532efadc276c7f19312b,gdelt,2022-02-01T08:00:00Z,AMD,Rosenblatt Securities Trims Xilinx (NASDAQ:XLNX) Target Price to $175.00,OTHER,negative,y,4,
G248,41ec546b77a50a6ed2e0bf5fcef18e569787f859,gdelt,2021-10-08T03:00:00Z,NFLX,"Meghan Markle is 'amazing leader', gushes Elton John's husband on Duchess' Netflix film",OTHER,positive,y,3,
G249,53de28cd8fee4deaa15c88160f5c2cb759e17610,gdelt,2022-05-24T04:00:00Z,MKT,U.S. Treasury set to push Russia closer to default,CREDIT_EVENT,negative,,8,
G250,f6e615e6a77095467dd9e843c72ee766af17ba85,gdelt,2022-01-14T07:00:00Z,MKT,Senate blocks sanctions aimed at stopping Nord Stream 2 pipeline,GEOPOLITICAL,neutral,,5,
G251,46563b1591c8eee95a7d5153e5bc39e77268389f,gdelt,2022-06-21T22:00:00Z,AMZN,"Amazon names new CEO of Worldwide Stores, 17-year company veteran Doug Herrington",MANAGEMENT_CHANGE,neutral,y,7,
G252,701da728a5f2074a299df34573a6d793384a6e61,gdelt,2022-04-08T20:00:00Z,DIS,TikTok Hack Helps Save Missing Boy at Disney World,OTHER,neutral,n,3,The event is a TikTok hack helping a missing boy; Disney World is only the location.
G253,cbd8198dcfa5a4e93c1ba9ed5d49ed70742e1ed1,gdelt,2022-05-19T21:00:00Z,MKT,UNITED STATES: USPTO Sanctions Fraudsters - International Trademark Association,REGULATORY_LEGAL,negative,,4,
G254,7191426da44f8e5ab3b516c69764d8b53765e952,gdelt,2021-11-12T01:00:00Z,MKT,"El Salvador sends troops, police into streets amid killings",GEOPOLITICAL,negative,,6,
G255,25422630e0641c53167bb98ae7dc33a30534d0fa,gdelt,2022-05-27T14:00:00Z,TSLA,Twitter rejects Elon Musk ally's resignation from board,MANAGEMENT_CHANGE,neutral,n,4,"A board resignation/rejection is a management/board event, but it concerns Twitter rather than Tesla."
G256,58e3e7766bb2fec648e8daaf2357cc24150815ad,kaggle_tweets,2021-11-22T16:22:00Z,AMD,"Dear community, the release of the public version of HYDRA will be shifted to the second week of December. The reason is banal - relocation😵‍💫. It takes a lot of time which I have planned for final testing and documentation preparation. I hope on understanding🧡 @AMDRyzen @AMD",PRODUCT_LAUNCH,negative,y,4,
G257,d472fb5c2ea90022b71d1da47860722f9a29dc34,gdelt,2022-04-21T22:00:00Z,NFLX,How Netflix's Upcoming Ad Tier Could Boost Its Brand Partnership Deals,PRODUCT_LAUNCH,positive,y,6,
G258,3792d66ce662bdb30a2823d921d9017e54f12fbc,gdelt,2022-05-12T02:00:00Z,DIS,"Disney Earnings, Producer Prices, Core Prices: 3 Things to Watch By Investing.com",OTHER,neutral,y,2,"A “3 Things to Watch” article is commentary, not a reported Disney earnings result."
G259,60ef0b321bafc99bc0e99dd793b16e40d304207b,gdelt,2022-06-10T17:00:00Z,MKT,IBBI draft papers to improve insolvency resolution likely out this month,REGULATORY_LEGAL,positive,,4,
G260,f1ab9ff843b86f4a36251d04013fddfa23d29c13,gdelt,2022-03-30T17:00:00Z,MKT,Borscht Inflation Shows Russian Price Shocks Are Hard to Escape,MACROECONOMIC,negative,,6,
G261,74c7574c8299bba54db2c57c29b44ff3a5d5f873,gdelt,2022-01-18T08:00:00Z,AMD,"Samsung Exynos 2200 with AMD GPU, ray tracing, 2X faster NPU announced",PRODUCT_LAUNCH,positive,y,7,
G262,099813d6d546eefbb5f0a64dcc37fdecb6136fce,gdelt,2022-07-08T12:00:00Z,MKT,European Scientists Empowering China's Military,GEOPOLITICAL,negative,,5,
G263,e6cc07118e6853fc5a64500467d62fb1df3ac0f3,kaggle_tweets,2022-07-30T05:00:17Z,TSLA,- Sandy Munro LOSES HIS MIND Over Tesla’s “World-Class” Engineering NEW $TSLA #Tesla #TSLA #TeslaStock #ElonMusk #Elon #SandyMunro,OTHER,positive,y,4,
G264,7472396cb5a65ad76cd0cc49c0067a3d1f222a69,gdelt,2022-07-01T08:00:00Z,TSLA,"Elon Musk Is a Smart Person But He Doesn't Understand ESG, Tech CEO Says",OTHER,negative,y,4,
G265,a8510e5ffb90905cefeaa5186d478ffe24198f0c,gdelt,2021-10-05T01:00:00Z,DIS,This Extremely Hated Movie Is Somehow A Hit On Disney+,OTHER,positive,y,4,"The headline describes a movie’s performance on Disney+, not a launch."
G266,ae03d45caf8160f9ff50ea7216550d1ec951a4b3,gdelt,2021-12-08T02:00:00Z,MSFT,Microsoft Will Alter Hiring  After DOJ Said Company Discriminated Against Immigrants – NBC 6 South Florida,REGULATORY_LEGAL,negative,y,6,
G267,c88ab5c159ac575b38c7dd225628e99d2b0e8719,gdelt,2022-09-14T10:00:00Z,GOOGL,Google loses appeal against record EU antitrust fine of over $4 billion euros,REGULATORY_LEGAL,negative,y,9,
G268,e56ae6524e40ac0d6ea05b4070cddfd960252178,gdelt,2021-12-19T00:00:00Z,AMD,Intel could have a supercharged Core i9-12900KS CPU to combat AMD's Ryzen refresh,OTHER,negative,y,3,
G269,16041770469ef2eb6cd5d93c05f3f5a266d97f19,gdelt,2021-11-02T22:00:00Z,NFLX,Netflix Launches Mobile Games Lineup With Stranger Things And Not Much Else,PRODUCT_LAUNCH,positive,y,7,
G270,d931c59e7b9658a44aa3c4823680399d121b47e4,gdelt,2021-10-29T18:00:00Z,INTC,Bringing Geek Back: Q&A with Intel CEO Pat Gelsinger,OTHER,neutral,y,2,
G271,0262cf9bc4a0d1a7cc0a99a4a7be6899e2d6b6e6,kaggle_tweets,2022-03-08T10:47:27Z,TSLA,"$TSLA +0.6% to $810 pre-mkt. Equities mixed (SPX +0.1%, NDX-0.1%, 10yrTY 1.837% +6.3bp) as EU considered new stimulus for military & energy infrastructure. US Congressional leaders reached a bipartisan outline to ban Russia oil imports. TSLA Feb China sales beat expectations.",OTHER,positive,y,6,
G272,9ae85455c8d9e3672c46c7d3439b13aa53e60c82,gdelt,2021-10-06T17:00:00Z,META,"Facebook outage result of user error, not malware",OPERATIONAL_ESG,negative,y,7,
G273,d6ad05559be2516af642faad0b3ed3fb5be89a51,kaggle_tweets,2022-01-20T14:45:50Z,TSLA,aaaaaand congrats to those who didn't sell $tsla yesterday,OTHER,positive,y,2,"The text explicitly refers to $TSLA shares, so the entity link is correct."
G274,abe1472028f7f9666c3b9eea951820de6540cb26,gdelt,2022-02-11T14:00:00Z,AMD,AMD gains approval for $35 billion Xilinx acquisition,MERGER_ACQUISITION,positive,y,8,
G275,6cf9e77e17f2b08b18239da529c36c295020e368,kaggle_tweets,2022-08-18T21:25:34Z,TSLA,"In California, $TSLA Model Y and Tesla, $TSLA, Model 3 were number 1 and 2 top cars sold by volume overall in first half of the year, respectively.",OTHER,positive,y,7,
G276,11d100bb28eae7f4aaea254e97743d0abe0a83b8,gdelt,2022-07-19T01:00:00Z,MKT,EU agrees additional 500 mln euros in military aid for Ukraine-Xinhua,GEOPOLITICAL,neutral,,6,
G277,660ef4afadfb13b548fdb900a61d3e61fb065413,gdelt,2022-09-20T06:00:00Z,MKT,Central bank big shots want pay restraint from the little guys,MACROECONOMIC,negative,,5,
G278,569f1e52e85ecf8e0616756c97b74998e0c5af11,gdelt,2022-05-25T00:00:00Z,XOM,ExxonMobil loses bid to nix climate change lawsuit,REGULATORY_LEGAL,negative,y,8,
G279,4c9be1e7cb73856c660c3745496f5da9fadbf1fb,gdelt,2022-03-15T13:00:00Z,AMZN,3 Reasons to Buy Amazon Before Its Stock Split,OTHER,positive,y,4,
G280,11e6d419280c19fa45099d4a43151c251caac048,gdelt,2022-05-06T18:00:00Z,JNJ,FDA tightens authorized use of J&J's Covid-19 vaccine- POLITICO,REGULATORY_LEGAL,negative,y,7,
G281,a8ba822c10302c563309ea521d1bf19afce3d1c2,gdelt,2021-12-13T07:00:00Z,NFLX,"Netflix launches a website dedicated to news about renewals, exclusive interviews and more",PRODUCT_LAUNCH,positive,y,5,
G282,f4a671ada66f12ec27c92d1021f28898e2073eb8,gdelt,2022-01-31T21:00:00Z,GOOGL,Google Fonts lands website privacy fine by German court,REGULATORY_LEGAL,negative,y,6,
G283,9ec1d45a0752c6af282214929e39b4dfac13b5af,kaggle_tweets,2022-03-04T02:01:56Z,TSLA,"According to a new Form 4 filing, Tesla board chair, Robyn Denholm, exercised 25,000 $TSLA stock options today as part of an equity incentive plan. She also today sold 25,000 common $TSLA shares worth over $21 million. Filing: 1/2",OTHER,negative,y,5,
G284,c258825b76278f2fbce18c7498ca07909d1e4139,gdelt,2022-08-31T20:00:00Z,GS,Lumber Prices Fell to New 2022 Low Following Goldman Sachs Housing Forecast,OTHER,negative,y,3,
G285,dbf0d620acb068a79713d388c6e8634fb5e56ba6,kaggle_tweets,2021-12-29T17:28:23Z,TSLA,Two pressures factoring in shares of $TSLA today. 1. End of year selling (taking some off table after $200 climb in 4 days) 2. 10-year yields up 4%,OTHER,negative,y,5,
G286,128ab9af26b15724f43b5261fcb5f5ef01dd175e,gdelt,2022-06-23T03:00:00Z,NFLX,Kevin Hart and Woody Harrelson sorry for mispronouncing Toronto in new Netflix movie,OTHER,neutral,y,2,
G287,fcb448adcf6dade6c5b6cd8ba94cb726efc63d1d,gdelt,2021-10-07T01:00:00Z,MKT,"Cobb, Marietta school board members react to fed action against educator, board threats",REGULATORY_LEGAL,neutral,,3,
G288,db979083f9f83767011f7f307680f21f629ccc8e,gdelt,2021-10-26T07:00:00Z,META,The Day - People or profit? Facebook papers show deep conflict within - News from southeastern Connecticut,OPERATIONAL_ESG,negative,y,5,
G289,37dc32833cfccc82b5e73acc6c89535be439f1cf,kaggle_tweets,2022-04-25T15:08:36Z,TSLA,"At some point, the largest pockets in the world will stop fighting against @elonmusk and join his missions. As pure as Elon’s intentions are, they are also EXTREMELY profitable. Those that want to make a lot of $ will jump on board sooner or later $tsla $twtr",OTHER,positive,y,4,
G290,3b20e2486cd1c1023c6e257b0918f628ea95cbbf,gdelt,2022-09-22T19:00:00Z,MKT,"US hijacks UNGA to stage anti-Russia slamming campaign, urged to walk the talk when Biden claims 'not seeking cold war'",GEOPOLITICAL,negative,,5,
G291,0707e7a16f9cbda92172271c89cc8e7ef1f96967,gdelt,2022-03-07T20:00:00Z,MKT,Sanctions won't move Putin — we must bolster Ukraine's air defenses,GEOPOLITICAL,negative,,6,
G292,48025a48f69fc002f5306343a1d05bc96abd9fbb,gdelt,2022-07-13T08:00:00Z,KO,Raymond appoints Coca-Cola's Atul Singh to lead the Group,MANAGEMENT_CHANGE,neutral,y,5,
G293,f8f9d6aba975a0406aa933788cf13a65d3f3c487,gdelt,2022-04-26T23:00:00Z,MSFT,Microsoft reports Q3 results with revenue up 18 pct,EARNINGS,positive,y,8,
G294,3e94efdeca6a00a8b722efbeacd91e78b0c2b6c1,gdelt,2022-02-15T15:00:00Z,INTC,Intel to acquire Tower Semiconductor for $5.4B to build on custom foundry strategy – TechCrunch,MERGER_ACQUISITION,positive,y,8,
G295,875a4d6efd786b6686b8e02d5018aabd75e31ec6,kaggle_tweets,2021-12-10T21:10:55Z,TSLA,"Why would #Tesla investigate an 🚨🚨🚨 #FSDBeta ACCIDENT 🚨🚨🚨, or even respond to the owner? $TSLA $TSLAQ",OPERATIONAL_ESG,negative,y,7,
G296,64fe5009215c23f3a5d6526cfb366fe216453ee5,gdelt,2022-08-11T01:00:00Z,XOM,Oil regulator overrules Nigerian President to block Exxon deal,REGULATORY_LEGAL,negative,y,7,
G297,70df03f6c0bc2b5bdc4f7f05e1c3c40f6bf57f50,gdelt,2022-03-02T02:00:00Z,"INTC,META","Ukrainian ambassador, Intel CEO and Facebook whistleblower to sit beside Jill Biden at State of the Union",OTHER,neutral,y,2,
G298,f41ad795c6ecaf34e6b48eb8141ce28dbde5c623,gdelt,2022-08-25T14:00:00Z,MKT,"Inflation: France will not see 'double figure scenario', says minister",MACROECONOMIC,positive,,4,
G299,8366d340619f29418cd4d398c5ad0836603f67af,gdelt,2022-02-04T06:00:00Z,MKT,Volusia County makes final plan for ARPA coronavirus stimulus money,MACROECONOMIC,positive,,3,
G300,e2c9793c1e11477ffd9d85a382b980d05c1e6710,gdelt,2022-04-14T12:00:00Z,"META,NFLX",Netflix and Meta See Earnings Pessimism After Slumps,EARNINGS,negative,y,7,
