item_id,doc_id,source,published_at,linked_tickers,text,label_event_class,label_sentiment,label_entity_correct,label_impact_1_10,notes
H001,ca1900fbc3c3a85360016a8ab8de3f8ddf9846ca,gdelt,2022-01-18T17:00:00Z,XOM,Exxon pledges net-zero carbon emissions from operations by 2050,,,,,
H002,23f1727debb721571482327dee703bde41e45633,gdelt,2021-11-30T13:00:00Z,META,Here's Our Rant About Meta Materials Inc. (MMAT),,,,,
H003,756558f2909c4feb20edbf030e4b9c5db5441b61,gdelt,2022-06-13T16:00:00Z,MKT,Demystifying inflation – Zambia Daily Mail,,,,,
H004,8735124010636caccfd71a3d6e859ad490ce8e11,gdelt,2022-04-29T05:00:00Z,MKT,Poland Pushing the World toward World War III | Armstrong Economics,,,,,
H005,7513dd43b9061275b6b098bd7e1740968a534ed3,gdelt,2021-10-30T12:00:00Z,TSLA,Tesla Board Member Sold $200M in Stock During EV Company's Huge Rally,,,,,
H006,2af711db0ff723eecf83d64f8ce7f974638889bc,kaggle_tweets,2022-01-10T19:33:37Z,TSLA,TESLA GIGA TEXAS ANNOUNCEMENT IS IMMINENT!⚡️ $TSLA #Tesla,,,,,
H007,de0d20375bcefbfc4f7c5cf84749d4e036877ea0,gdelt,2022-01-26T00:00:00Z,NFLX,Don't Look Up narrowly misses becoming Netflix's all-time-best film debut,,,,,
H008,7ed2f6f09450a56d4bea0bfb58ed54b2a1c311d6,kaggle_tweets,2022-08-13T21:32:01Z,TSLA,"These are the smart leaders we need in Africa. @Tesla asked Nigerian minister for access to its lithium. Olamilekan Adegbite said NO, he counter offered @Tesla to come & set up a battery factory in Nigeria. If it were Zimbabwe they would have sold it raw",,,,,
H009,a17cd68c312c1fb043d9f9b69509ca8987f17832,gdelt,2022-03-16T14:00:00Z,MKT,Canada February CPI 5.7% YoY versus 5.5% expected,,,,,
H010,9e6abad4a51ffa9a132bae02f81b2803107d859d,gdelt,2021-11-18T11:00:00Z,MKT,Rajnath inaugurates revamped war memorial in eastern Ladakh,,,,,
H011,88098a129c823f69130a99d07f68acffa6c3c8db,gdelt,2022-04-23T18:00:00Z,MKT,Ukraine-Russia war: Sanctions affect Russia despite Putin claims,,,,,
H012,16d2347c6f55a5f3a980775a1a8627224f17bbc5,gdelt,2021-10-24T18:00:00Z,MKT,China passes new land border law amid military standoff with India,,,,,
H013,0b23cb408bcb59a440943ae053c58d7ca31ed16b,gdelt,2022-04-18T04:00:00Z,MKT,Hamza's oath-taking delayed as governor calls Punjab CM election 'unconstitutional' – Latest News – The Nation,,,,,
H014,3387722f9eede17563d0f71958919ab180c9938d,gdelt,2021-10-18T17:00:00Z,MKT,Washington hears echoes of the '50s and worries: Is this a cold war with China?,,,,,
H015,cc671189017143cdf069dfc73fb790694ac1175c,gdelt,2021-10-22T10:00:00Z,MKT,Nwodo: 2023 elections may be disrupted -- without restructuring,,,,,
H016,b963b32958029a9622782dfdb31ed751c044ede2,gdelt,2022-03-12T12:00:00Z,MKT,Sri Lankan rupee to stabilise soon: Central bank,,,,,
H017,e7328917a6efb665b64894143d13192f3d6c96ce,gdelt,2022-04-22T09:00:00Z,MKT,"Analysis-Under military's watch, Sudan's former ruling party making a comeback | WTVB | 1590 AM · 95.5 FM",,,,,
H018,f5dcc4e072d0f067768f23815063af48abb8239d,gdelt,2022-03-02T06:00:00Z,MKT,"Biden takes on Ukraine, inflation in State of the Union address",,,,,
H019,3faf09b148317636d782179f4c1f5e7ab7978b2d,gdelt,2022-01-28T13:00:00Z,AAPL,"Apple Is Like a 'Freight Train at the Moment,' Tech Analyst Says – NBC Chicago",,,,,
H020,195335f39bcb403cb5edcf25a91476e15a168e51,gdelt,2022-07-15T16:00:00Z,MKT,Central Bank Digital Currencies And Freedom Are Incompatible,,,,,
H021,328f0634f6b5ea911d0e0406fc57d6fccc0777e5,gdelt,2022-05-05T10:00:00Z,TSLA,"Elon Musk, Cathie Wood Say Passive Funds Have Gone Too Far",,,,,
H022,154158c3fe0c79cfdacbcdc16fcb8c6c81475c3c,gdelt,2022-04-25T08:00:00Z,MKT,"Re-instating Sri Lanka's currency board would control deficits, inflation, give stability: Hanke",,,,,
H023,7dcac9c648ff7fb1537d9730c790e9be9d06c27b,kaggle_tweets,2022-04-08T19:45:40Z,AMD,$AMD - Major support here. I took some 5/20 $115c to swing @ $3.05,,,,,
H024,56e94af1756106b7532709b55aeb62ecf5111651,gdelt,2022-02-28T09:00:00Z,MKT,U.S. and Europe partly to blame for putting Putin on pathway to war,,,,,
H025,cb1e8232426713f3d33e9adff60ba87b597daadc,kaggle_tweets,2022-04-28T20:16:45Z,AMZN,Breaking: Amazon $AMZN reports a $7.6 billion loss from its investment in Rivian $RIVN,,,,,
H026,a7e4a31dfd5060ccfc6a5d0a70fe1c995ae52c00,gdelt,2022-03-12T18:00:00Z,MSFT,Mirrored Microsoft Market Capitalization Reaches $7.18 Million (mMSFT),,,,,
H027,bb7441d98a83ed5d5aac41914cfa97e0406157a4,gdelt,2022-09-07T17:00:00Z,MSFT,"Microsoft's white Xbox Elite Series 2 controller is official, cheaper with stripped-back features",,,,,
H028,addc84cb753b0b3d8f2e9c124b2439c793edfbf6,gdelt,2022-02-01T09:00:00Z,MKT,Thai central bank to let banks invest more in fintech,,,,,
H029,d259f11b1f44f885985a8fb9c377f803a4111de5,gdelt,2022-05-02T08:00:00Z,MKT,Ukraine war: Baffins woman to hold charity salsa class to raise cash for citizens,,,,,
H030,4f3a72a123d36f4fa83631ac10dcae4c30a72314,gdelt,2022-08-23T11:00:00Z,JNJ,Tcwp LLC Makes New Investment in Johnson & Johnson (NYSE:JNJ),,,,,
H031,daa93fc40f46aae766ad433cdabb6229ea95c230,gdelt,2022-01-31T14:00:00Z,MKT,North Korea confirms test of missile that can hit Guam,,,,,
H032,47444dc5734c404f9e736c9c91bf757c2e99a337,gdelt,2022-06-29T21:00:00Z,XOM,"Exxon, Imperial Oil to sell Montney, Duvernay assets in C$1.9B deal (NYSE:XOM)",,,,,
H033,d7c1cd15638ff2624c74ab9875703286336d0808,gdelt,2022-04-26T06:00:00Z,MKT,Australian veterans remember the World War II building of the Burma railway,,,,,
H034,47d5d6d3f47c2fa09dbe689112d61f0ac55ab293,gdelt,2022-02-15T16:00:00Z,MKT,Japan Foreign Minister: Sanctions are among possible steps if Russia invades Ukraine,,,,,
H035,68b7034e92d053d4c18933c62cd81c514be9db5b,gdelt,2022-03-10T07:00:00Z,MKT,National Assembly to debate Russia's invasion of Ukraine,,,,,
H036,dc8e4693c761d23200b918008dc27bf9036cd3a1,kaggle_tweets,2022-05-13T17:10:33Z,TSLA,"This is total BS that $TSLA is up 7% today. This market is so manipulated and rigged. Elon messed up our entire day again. Yes, I'm joking. For those that say I only complain on the downside.",,,,,
H037,fc9f2dfb35cc16a10df2994946ec16be17a17331,gdelt,2022-06-27T12:00:00Z,MKT,Kremlin says 'no grounds' to speak of Russia debt default,,,,,
H038,c00a5088bc1e9ae78fface8c49762c387cf85452,kaggle_tweets,2022-09-23T13:16:51Z,TSLA,Note: the biggest bubble-fraud in the history of the stock market is still UP slightly this month. You know what you need to do! $TSLA,,,,,
H039,95778099b8a7a134c3b6b13fc3433f3f9d1730f2,gdelt,2022-05-10T17:00:00Z,NFLX,Dr. Donald Cline is at center of Netflix documentary 'Our Father',,,,,
H040,5d3f29abf78bd28170ca9a7adac1600fd668b2c6,gdelt,2022-09-16T10:00:00Z,MKT,Inflation and Financial Sector Deepening,,,,,
H041,52651cc74494475588674264095785f30c72ac51,gdelt,2021-10-08T16:00:00Z,AAPL,TSM Stock: Taiwan Semiconductor Sales Get Lift From iPhone 13 Chips,,,,,
H042,9c70a10b05b41fb2592a397ee2db9135bb8a452d,gdelt,2022-04-25T00:00:00Z,MKT,Top US officials meet with Ukrainian president to discuss war aid,,,,,
H043,7746b94ba4ca9960a81a6e9a041edf76a3c55bfb,gdelt,2022-07-18T12:00:00Z,NFLX,How Netflix plans to find its inner 'Star Wars',,,,,
H044,5e0d5e0224575565b2dff02424b470db07d7d25d,gdelt,2022-06-01T14:00:00Z,MSFT,Microsoft launches Surface Laptop Go 2 with secured core PC protections,,,,,
H045,6c409ca24be5df57a189c73134565fc9515b6611,gdelt,2022-01-31T10:00:00Z,MKT,China and Saudi Arabia Hint at Expanded Military Ties,,,,,
H046,43c9252b20c0e2c2702bd1b03ca85bd9b0a9841b,gdelt,2022-01-06T18:00:00Z,TSLA,"Investigation announced for Long Term Investor in Tesla, Inc.",,,,,
H047,da703af4f9682b096a2a6df4afaeac17ff80be1d,gdelt,2022-03-16T16:00:00Z,GOOGL,Google.com Gets Free Hotel Booking Links to Level Playing Field ... A Tad,,,,,
H048,0a21d240ad3a231481b479dd0aef155a4952a427,gdelt,2022-06-10T18:00:00Z,MKT,Olaf Scholz calls on Serbia to impose sanctions on Russia,,,,,
H049,3a3ecc1b890d66ec69c156de42facc027c7f15aa,gdelt,2022-04-27T01:00:00Z,MKT,"Russia's Ukraine war heats up cooking oil prices worldwide, boosting inflation",,,,,
H050,cd10ce1b526ff79381f972331bed731b82ded30b,gdelt,2022-05-26T18:00:00Z,MKT,"EU can agree Russia oil embargo, or seek alternative, Germany says",,,,,
H051,1f049d45196117cb6a0b0f37141352a638cca2ad,kaggle_tweets,2021-12-08T18:19:57Z,TSLA,"Tesla continues to build better more efficient giga factories and EVs. Also, due to heavy demand, able to continue to raise prices and increase margin while lowering costs of production. $TSLA",,,,,
H052,7e9cb76dfbf4aeeb2787f1aa31e03aa89cf5b29f,gdelt,2022-05-27T18:00:00Z,MKT,"Japarov: based on 2021 figures, EAEU's total GDP up by 4.6%",,,,,
H053,1d4e0070b3323b776c24c43c71f655b6089f7eec,gdelt,2022-08-05T15:00:00Z,MKT,Instant View: US July payrolls rise more than expected,,,,,
H054,335a7098e39318bcee03c4518a1cc238c82d82a0,kaggle_tweets,2021-10-10T21:16:50Z,TSLA,"@troyteslike FY’22 est deliveries are now 1,418K up +74K from his prior FY’22 forecast. Troy remains below my $TSLA 2022 forecast of 1,480K (+66% YoY vs FY’21 est of 890K). Troy and I are both way above Street FY’22 delivs of 1,189K (+35% YoY vs FY’21 Street), so huge upside.",,,,,
H055,5f1642bb4b0b8141b6eaf1ed497da79201611f0d,gdelt,2022-08-27T06:00:00Z,TSLA,Elon Musk mother Maye sleeps in 'garage' in his not 'fancy' home,,,,,
H056,263144d9d601a750ae20d42c60dcdf4550dacc24,gdelt,2022-02-18T17:00:00Z,TSLA,"Does my car have a recall? Tesla, Hyundai, Kia and more have vehicles on recalls list",,,,,
H057,51f0e00087d6b01606cae3927b541ecdefe3c75f,gdelt,2022-03-03T06:00:00Z,MKT,Euro pinned as war stokes stagflation fears,,,,,
H058,8adec849dd895b1b0cb34fbf6004fc71047e283e,kaggle_tweets,2022-07-08T14:31:36Z,"MSFT,AAPL,GOOGL,AMZN,TSLA","The liquid leading names AAPL AMZN GOOG MSFT already pushed 50SMAs, TSLA pushing today. Think they will guide the QQQ.",,,,,
H059,c8727aa66e21108aff15c439972fcafc872d69fb,kaggle_tweets,2022-08-04T02:30:06Z,TSLA,"Alright guys, we're more than halfway through 2022 so this is overdue. Top 3 things that $TSLA has done well this yr: - Giga Shanghai performance despite lockdowns & related supply chain issues. - Fremont production of 3/Y. - Managing supply/demand/pricing/production to max $.",,,,,
H060,213601891f067e680122dda49e8e316e69482682,gdelt,2022-09-27T12:00:00Z,NFLX,Netflix Hub Coming to NJ? Group Opposes Streamer Buying Fort Monmouth – NBC New York,,,,,
H061,d34f6a400aca04767b9ad77f276e8c392fff6a25,gdelt,2022-02-15T11:00:00Z,MKT,"Bitcoin Runs Into Russian Rules, Regiments Amid High Geopolitical Tension",,,,,
H062,6b12c90b4c4dd85868d8f12bc11d74dd3ca2963f,gdelt,2022-05-13T06:00:00Z,MKT,Central Bank of Sri Lanka and IFC Launch New Move to Spur Green Sustainable Investments - Adaderana Biz English,,,,,
H063,53fc13ab15004391da5adef40c505cd603f8ecf9,gdelt,2022-07-11T12:00:00Z,GOOGL,Kakao removes external payment method amid Google standoff,,,,,
H064,050cba9db5f7c18319a218500e29c04b35095404,gdelt,2021-12-10T15:00:00Z,NFLX,The 5 must-see comedies to watch on Netflix right now,,,,,
H065,cd5070b54794c74c7df9b2487416fada42975078,gdelt,2022-09-21T08:00:00Z,MKT,Seoul stocks dip almost 1% on growing woes over Fed rate hikes,,,,,
H066,060d799cdb037d5d11c059c1b8d47ee06a342088,gdelt,2022-04-28T22:00:00Z,MKT,This Budget Is an Election Ploy: CUPE Ontario,,,,,
H067,1eeb3d980d5370364fa08628cd2ef07e60eaff96,gdelt,2021-11-01T09:00:00Z,AAPL,"Apple ranked 4th in China smartphone market in September, with sales jumping over 40%",,,,,
H068,cf34657c2ebe30014c4411ddb773c75371ad3101,kaggle_tweets,2022-01-21T06:13:24Z,TSLA,Streaming $TSLA power hour tomorrow... bring the juju 🍊,,,,,
H069,35212805748fdb922b240e3101711884a5fcf3ec,gdelt,2022-08-31T22:00:00Z,MSFT,"HAGENS BERMAN, NATIONAL TRIAL ATTORNEYS, Encourages Azure Power Global (AZRE) Investors with Significant Losses to Contact Firm's Attorneys, Securities Fraud Class Action Filed",,,,,
H070,b7241507e322f39b71b5047219e6991f5d802b19,gdelt,2022-05-10T19:00:00Z,MKT,Croatian shipyard files for provisional bankruptcy,,,,,
H071,0759b2a9654e10e41aca8d4dcc22086c10aa446f,gdelt,2021-09-30T00:00:00Z,DIS,Here's what a Disney World ticket cost when it opened in 1971,,,,,
H072,c9fe87f83a0a2b8b2819b60ce80dbf16a4d021cf,gdelt,2022-08-19T09:00:00Z,MSFT,Flash deal: get Microsoft Office for Mac Home & Business 2021 for $39.99 (88% off),,,,,
H073,703b82dbb17621369bf1355b8e81cfe7403bb7bf,gdelt,2022-09-08T02:00:00Z,TSLA,Delaware court rejects Elon Musk's request to delay Twitter trial,,,,,
H074,f07d7656d0c34de1d8bd19953045d9cc86813f96,gdelt,2021-10-28T03:00:00Z,MKT,Rishi Sunak's message to Tories: I will cut taxes before next election | East London and West Essex Guardian Series,,,,,
H075,9b749d84d478293beb410d4cd2d68d3011c524e3,gdelt,2022-03-05T00:00:00Z,MKT,PM believes Putin intends to 'double down' on Ukraine invasion | The Wiltshire Gazette and Herald,,,,,
H076,e1567e95b241f79066cd4e6e1a4c43363c1555bd,gdelt,2021-10-07T19:00:00Z,MSFT,Microsoft Viva is about to expand as a result of Ally.io acquisition,,,,,
H077,c219318e3e4eae3e9750454a0b8b4464ab7985e5,gdelt,2022-04-08T05:00:00Z,TSLA,What is next for Twitter now that Elon Musk is on the board?,,,,,
H078,f08258c7fcea83980b787d522751e6960943071f,gdelt,2022-01-22T06:00:00Z,GOOGL,google: Google says lawsuit against it 'misses the law and the facts',,,,,
H079,9ab26824db79a5ea27a08f4c6b482dd2b463d064,gdelt,2021-10-28T15:00:00Z,GOOGL,Australia wants Google to put an alternative search engine on Android phones,,,,,
H080,e0cb85a321b9de41a5188cf446aa7672fe2ad2a6,gdelt,2022-04-06T23:00:00Z,MKT,"Russia to pay bonds in rubles, which may cause default - Economy - War in Ukraine",,,,,
H081,d61a971e4d8cdb945c9c790ad0662d5a066c4c4a,gdelt,2022-06-16T21:00:00Z,MKT,US unveils aggressive rate hike - Taipei Times,,,,,
H082,426b4ecd69dc5b298041da6c4b1b1a2436a09455,kaggle_tweets,2022-09-26T20:39:52Z,TSLA,"Tesla ASPs will likely resume its long-term decline after a brief upswing over the past year. High prices are not in Tesla's LT vision, and I don't think $55K ASPs will work at >1.5M vols in a recession. FSD isn't ready to permanently change cost economics just yet. $TSLA",,,,,
H083,4799929a16cc9b1efb2d007e838f7048e13d6e07,kaggle_tweets,2021-11-08T11:27:17Z,TSLA,"$TSLA returns since @elonmusk: ▪️""Funding secured"" +1,410% ▪️ Smoked weed on @joerogan podcast +2,220% ▪️""Shortseller Enrichment Commission"" +2,070% ▪️""Nuke Mars"" +2,730% ▪️""Tesla stock is too high IMO"" +771%",,,,,
H084,0ee7e67a98478a47d07d2ae10724d94259dfe5e9,gdelt,2021-11-23T12:00:00Z,MKT,Martin Gilbert's AssetCo enters potential bidding war for R&M deal,,,,,
H085,3bfd37dd60741c94eadb81bff94dfe57d1a49b35,gdelt,2022-05-31T23:00:00Z,"AAPL,MSFT","Apple earned the third-most gaming revenue in 2021, outpacing Microsoft & Nintendo - General Discussion Discussions on AppleInsider Forums",,,,,
H086,3af548a49f04b18d61a7d14231ba995005b9f5d9,gdelt,2021-12-24T17:00:00Z,JNJ,"Market Assessment of Medical Device Technologies Industry: Growth Drivers by Top Players like Abbott Laboratories, BD, GE Healthcare, Biomerica, BioMerieux, Johnson & Johnson, and more",,,,,
H087,cb3d9f70fac859dfac8602a288f8d50c9ff72733,gdelt,2022-09-02T04:00:00Z,BA,Israel to buy four Boeing air-force refueling tankers for $927 million,,,,,
H088,36cd9157074e852813563cdbaa57dc5536285378,gdelt,2021-12-09T10:00:00Z,MSFT,Microsoft joins Whitehat Jr to offer Minecraft game-based learning,,,,,
H089,69f6ea177816a740b6799f9c6a30b4b1b17bd909,kaggle_tweets,2021-10-12T11:49:52Z,TSLA,$TSLA $800 today.... And stays there?,,,,,
H090,bece0e513d51d6fa7285763676a014e7aed77d6d,kaggle_tweets,2022-02-08T21:58:50Z,TSLA,"Share buybacks are coming. Dividends, maybe. Acquisitions, hopefully. My best guess: by Q4 2023. $TSLA",,,,,
H091,47b29880bfa141effa737957c0a7b351fedeef67,gdelt,2022-08-17T15:00:00Z,MKT,'Ghanaians Willing To Pay Extra' - Gabby Under Fire For Tweet On Utility Tariff Hikes,,,,,
H092,a408ec3b79856c711fa20e71e408702ff0b058e4,gdelt,2022-02-11T18:00:00Z,NFLX,Netflix to axe 40 films and TV shows from March 1 - see the full list,,,,,
H093,53f08abf0e8789ef260171c935e1530e985e3762,gdelt,2022-07-27T22:00:00Z,MKT,US hopes for progress on Ethiopia peace talks after Kenya election,,,,,
H094,01a0a5b7cac03506dd3bf81573d4d38eb39ada20,gdelt,2022-09-21T03:00:00Z,MKT,"As energy prices soar, thousands protest Slovak govt, demand early election",,,,,
H095,9b5d6f87c3122e0eb423d85c35e449dc6455a78c,kaggle_tweets,2022-09-27T17:47:30Z,TSLA,"I'm not sure what day it will happen but we're on the cusp of seeing a massive one day rally that will send the Dow up over 1,000 and NASDAQ up over 500 points; exacerbating a short covering. I see within the next couple of weeks this happening. $TSLA",,,,,
H096,a1a542e5a0eb6d7ba4f503b89e1cfaad45c86df3,gdelt,2022-05-17T20:00:00Z,MKT,'From America With Love': Ukraine Troops Hit Russian Military With U.S. Howitzers,,,,,
H097,91035963758cbc9d549a844cd57cefc73ef26e9d,gdelt,2022-04-21T11:00:00Z,TSLA,Tesla CEO Elon Musk: 'People do not realize the magnitude of the Optimus robot program',,,,,
H098,6af4efe70a895118bc6d88cb4ad2f078c519d0e5,gdelt,2022-09-28T15:00:00Z,AAPL,Apple Stock Slides On Report of iPhone Production U-Turn Amid Waning Consumer Demand,,,,,
H099,91eb558826c523f192f563eecb59775107bc938c,kaggle_tweets,2021-10-18T15:28:01Z,AAPL,Dumped my $TDOC today. I lost my patience. Had to take the $$ and buy more $SQ $AAPL,,,,,
H100,ffa77a4358424716bb32778e8e3a7ccc17dc03db,kaggle_tweets,2022-03-01T03:47:57Z,TSLA,"""The Smartest Community of Traders"" Charlatan Sam Parikh @smartertrader $TSLA $TLSA cc: @CFTCbehnam @GaryGensler",,,,,
H101,f3551ddab4a4f94881c6c99ca9fcd010a7e6c6e6,gdelt,2022-06-17T20:00:00Z,MKT,Unemployment sinks to another all-time low,,,,,
H102,684900a75dcf282c6fd9733aca721d4e7231385a,gdelt,2022-06-23T07:00:00Z,MKT,Lithuania to expand blockade of Russian goods as Ukraine war widens,,,,,
H103,77ceeed9d5a18cd45d6c73c236e3a144b9f86bbb,gdelt,2022-06-22T01:00:00Z,COST,Costco Wholesale (COST) – Analysts' Recent Ratings Updates,,,,,
H104,0f712d7a566ce791dd944803fe5a79eb64483f59,gdelt,2022-02-10T10:00:00Z,MKT,Ukraine splits with Biden over chances of Russian invasion media,,,,,
H105,8bdca98334292cf2128f1c5ab4e23d7893c3da47,gdelt,2022-03-10T19:00:00Z,MKT,Need a personal loan after bankruptcy? Here's what to do,,,,,
H106,6ace11367433de81796cb242a4950399f1b33673,gdelt,2022-09-13T03:00:00Z,MKT,US holiday shopping season could see slowdown amid inflation stress,,,,,
H107,5792d1fd373f9bb682b2315f2337f610e0ecb2fd,gdelt,2022-01-07T18:00:00Z,MKT,"NATO rules out any halt to expansion, despite Russian demand",,,,,
H108,1c92efa09a079424d2bfac4865e8f939305799cf,gdelt,2022-02-18T03:00:00Z,MKT,Senate passes resolution supporting Ukraine amid invasion fears,,,,,
H109,809ac6ff2079fb3a8efd47eccb3ccebf9d31b34a,gdelt,2022-08-15T19:00:00Z,DIS,Activist investor wants Disney to buy back Hulu stake and spin off ESPN,,,,,
H110,b1a40140bc380745158cde7f339fa4e4524eff51,gdelt,2022-02-23T19:00:00Z,"MSFT,GOOGL","Microsoft Multi-Cloud Security Extends to Google From AWS, Azure",,,,,
H111,9cce2c6cb289606f4ac1f2f156e5048ef36ce1f4,gdelt,2022-07-18T17:00:00Z,BA,Delta places order for 100 Boeing 737 Max planes,,,,,
H112,8fdd921b253e6c2a6e295c32db2408bc6769fc02,gdelt,2022-01-10T21:00:00Z,MSFT,Leak Suggests All-Black LTE Microsoft Surface Go 3 Coming Soon,,,,,
H113,122df611314bfbb446b035020b44201df96ab576,kaggle_tweets,2022-02-01T23:32:31Z,AMZN,$AMZN stock-split would go crazy. I would nosedive calls immediately.,,,,,
H114,1ccb652df45f6e5f4f96fdfb457350c7c246a969,gdelt,2022-01-27T15:00:00Z,AMD,Nokia's Networks Business Chooses AMD Processors to Power Software Product Servers,,,,,
H115,d814b12310231e5a51708acadd962729eebd42b6,kaggle_tweets,2022-05-22T23:52:40Z,"TSLA,AAPL,AMZN",$TSLA in 2022 is what $AMZN was in 2011 and what $AAPL was in 2000 IMHO Now 630.,,,,,
H116,6ee2dea836bd9de91b7a0e455126d795b466c741,kaggle_tweets,2022-03-02T06:46:13Z,TSLA,"- Rivian ****s Customers, GM Gives Up, Ford Bankrupt Soon NEW $TSLA #Tesla @Tesla #TeslaStock #Rivian #YouDidItMary #GM #Nikola #FraudstownMotors #Ford",,,,,
H117,356f4b5ec52c2f56ffd4e2459dc233f92047a468,gdelt,2021-12-20T18:00:00Z,JNJ,"Rock Island Co. continues use of J&J vaccine, endorses Pfizer and Moderna",,,,,
H118,6e54a28e374965ccb5a8dc0344497c9dcf5b14e1,gdelt,2021-10-05T17:00:00Z,META,"BBC World Service - World Business Report, Businesses hit by Facebook outage",,,,,
H119,9ba00e3d52966269b3f0c03a41b446f028a2d10a,gdelt,2022-05-16T22:00:00Z,TSLA,Elon Musk Responds To Twitter CEO's Explanation About Spam With Poop Emoji,,,,,
H120,edcbb981c2bf8533373311034d882472576ceb6f,gdelt,2021-12-28T21:00:00Z,MKT,"As Connecticut's unemployment rate falls, extra federal help for the jobless is withdrawn",,,,,
H121,b1c31c5b9217acdac824f138b914060d7d48910d,gdelt,2022-03-24T06:00:00Z,MKT,Uniti Group readies for bidding war as consortium offers $3.4B,,,,,
H122,6b736f71faacf69da51ec9f7446524bbd651aaa0,gdelt,2022-01-19T04:00:00Z,BA,New US airline Northern Pacific Airways unveils its first Boeing 757 — and big ambitions,,,,,
H123,f6b6beb097e8437324bf5879f124b5b602104f12,gdelt,2022-04-13T23:00:00Z,MKT,Zuckerberg ends controversial grants to election offices,,,,,
H124,3048abe4fa36a5feecacfb162fae48598bf022a8,kaggle_tweets,2022-01-21T23:33:44Z,NFLX,oh it’s a wrap..been waiting on this. see you all tmmrw - $NFLX to da moon,,,,,
H125,d9dad11e1f8b83337c7492214cf690174539a014,kaggle_tweets,2022-06-16T05:29:24Z,TSLA,"$TSLA increased prices on most models last night: M-3: LR +$2,500 to $57,900 M-Y: LR +$3,000 to $65,990; Perf +$2,000 to $69,900 M-S: LR +$5,000 to $104,990 M-X: LR +$6,000 to $120,990 TSLA gave no reason for hikes, but with 6-12 mo waits, likely reflects cost increases expected",,,,,
H126,2123dcc4da03e57d2e234ddc353a59913a081503,gdelt,2022-07-18T05:00:00Z,MKT,Bell corn harvest yields small crops as drought continues,,,,,
H127,d1e9b17e8e014256dad81a649b5f957090499d06,gdelt,2022-06-23T23:00:00Z,MKT,Bankruptcy Legislation Update: Biden Signs Bill Preserving $7.5 Million Eligibility Threshold for Subchapter V | ArentFox Schiff,,,,,
H128,7e027d6e880151dd23c4ce134a13297360faf3fc,gdelt,2021-12-16T09:00:00Z,MKT,German wages barely grew in 2021 despite skyrocketing inflation,,,,,
H129,2bb6e24c53868cdc7ade18197d9840afa16d347a,gdelt,2022-05-26T20:00:00Z,MKT,Antony Green interview about 2022 ABC election analysis,,,,,
H130,2ebde7be0ca6ab37ea33e8631b4aa55fd976e24e,gdelt,2022-02-19T12:00:00Z,MKT,Sanctions driving Afghans to brink of starvation,,,,,
H131,e8720188f18e0c841bec541139150446960c78c1,gdelt,2022-05-26T21:00:00Z,MKT,Military history is repeating for Russia under Putin's regime of thieves,,,,,
H132,a5a1c8c8a6724cd063fac6f5e9efb21bd4c25713,kaggle_tweets,2022-04-29T02:01:36Z,TSLA,Seems like Elon did give us a gift. Selling some tesla shares to buy twitter. $tsla $twtr,,,,,
H133,939f32951fa4a1964eee99e993266605462dd430,gdelt,2022-09-21T05:00:00Z,MKT,Exclusive-India Govt 'In No Hurry' On Medium-term Inflation Target,,,,,
H134,a8b31f988f35b68858d37bab97dcd42baef9f8c4,gdelt,2021-10-28T12:00:00Z,MKT,Mideast in Pictures: Israel holds military dill on occupied Golan Heights,,,,,
H135,7b742c59d3cda569110d29eebce3f58357dd6c58,kaggle_tweets,2021-12-15T14:41:29Z,TSLA,"By Friday, Elon’s window for $TSLA discretionary sales will close, and his pre-set 10b5-1 sales may end as well. Elon hasn’t finished his 10% TSLA sales and will likely put in place a new 10b5-1 plan for next qtr starting after 4Q earnings (1/26 est).",,,,,
H136,76a6989a96373814ce688a3d2a7daf9d349ebc51,gdelt,2022-08-10T16:00:00Z,BA,Boeing Resumes 787 Deliveries With Overdue Jet for American Air,,,,,
H137,7caf570c62734e86d6cb7c812f9fa0f5ec5eaa55,gdelt,2022-06-22T14:00:00Z,MKT,Russian oil refinery near Ukraine says it was hit by drone attack | Russia-Ukraine war News,,,,,
H138,5952dcb264cae1213be4c590f39241ec833923c1,gdelt,2022-08-16T11:00:00Z,BA,SpiceJet enters into settlement with aircraft lessor; to get 2 Boeing 737 MAX | Aviation News,,,,,
H139,5169474bd4ebb9ba4015fe77ba9485ec485576ea,gdelt,2022-01-31T20:00:00Z,MSFT,Microsoft Game of Learners (Season 3) 2022 for African Undergraduate Students,,,,,
H140,ee96d4e88c03ec130fb21dfdb8590230fe3cdeb2,gdelt,2022-02-07T16:00:00Z,MKT,White House warns costs of Russian invasion of Ukraine could affect China,,,,,
H141,8692917cf1d6b86604765c8f6cb766be3642e6b1,kaggle_tweets,2022-04-06T21:08:32Z,DIS,"$DIS earmarking 80 acres of land in Orange County, Florida to develop affordable housing",,,,,
H142,6455562dccadcb72ce10cd31326613bf65a83757,gdelt,2021-12-06T12:00:00Z,MKT,"Bitcoin Crash, Omicron Worries, Inflation Bets, Olympic Boycotts - 5 Things You Must Know",,,,,
H143,170ba3375386dbb67e312e8c8f0396aceac9e794,kaggle_tweets,2021-11-24T06:53:29Z,TSLA,"Don't panic about $PLTR dropping 11% in the past 5 days. The entire tech and software space is selling off this week (Except $TSLA). We had Snowflake (-14.29%), CrowdStrike (-13.12%) join the software selloff week along with Zoom (-21.73%). Not Palantir specific.",,,,,
H144,2802112b47723666274a827e80322bd637a25cb7,gdelt,2022-08-18T04:00:00Z,KO,Western Companies with Iconic Brands Like Coca-Cola That Exit Russia Face a Sea of ... - Latest Tweet by Reuters,,,,,
H145,e59d0e7185bd520b0f5cae0a72bfd7e13cb42d05,gdelt,2022-02-10T22:00:00Z,KO,"Consumers won't accept high prices for long, Coke CEO warns",,,,,
H146,c34549a957cf0c4f9ab63a3077527a04a1dbef29,kaggle_tweets,2022-06-02T17:56:28Z,TSLA,"The last time @elonmusk sold stock, $tsla magically levitated 30% in a week or two right before He needs to sell again. Amazingly it’s up 25% in the past week Dude’s luck is absolutely unreal",,,,,
H147,e70a2ab756d46971934d30eec7aea1bc098698c0,gdelt,2022-01-07T15:00:00Z,MKT,Russia's New Mobile Missile Defense System Will Intercept Nuclear ICBMs,,,,,
H148,c3c0f3b960abd8df61e963df6e2f39e64cfc64d5,gdelt,2021-11-10T15:00:00Z,MKT,Bitcoin Cash (BCH) price darts higher as global inflation rises,,,,,
H149,2136131c7351303db3b366e85924f3d67bda39a1,gdelt,2022-02-24T12:00:00Z,MKT,Geitner Simmons: Black Americans have made great strides in military service,,,,,
H150,3bf9ece218dd60c8606914a0bee2af8300be594e,kaggle_tweets,2021-12-28T01:29:31Z,AMZN,"$AMZN returns last 10 years 12 - 44.93% 13 - 58.96% 14 - (-22.18%) 15 - 117.78% 16 - 10.95% 17 - 55.96% 18 - 28.43% 19 - 23.03% 20 - 76.26% 21 - 4% historically, probability of a bounce back year is high, but market is ignoring the name until capex slows & cash flow normalizes",,,,,
H151,c93e97e73cbd17c96395ebfa1ee18348451a89d8,gdelt,2021-12-08T13:00:00Z,MSFT,"Microsoft to sync OneDrive faster on Apple M1 Macs, Windows on Arm",,,,,
H152,6dccf1babae821484ccece03054a3f67ae2fd835,gdelt,2022-08-19T02:00:00Z,MKT,Downtown eatery Fresco closing its doors due to inflation,,,,,
H153,6aad430cf4abdc5bfef6429fafa313c88ecfb12e,gdelt,2022-03-18T00:00:00Z,"MSFT,GOOGL","Big Tech salaries revealed: How much engineers, developers, and product managers make at companies including Apple, Amazon, Facebook, Google, Microsoft, Intel, Uber, IBM, and Salesforce",,,,,
H154,91dbb9b71f0976242eb2aa1faa3b98c05ef7266b,kaggle_tweets,2022-07-08T14:26:23Z,TSLA,"For the first time in a long time, I was way off on my sell price for $TSLA. I sold my 4,000 long shares early and missed some upside. However, I stick to my strategy. Tesla is volatile. I could drop $50 in a day as much as it could rise $50 in a day.",,,,,
H155,e378a29ed38ac3cb785afdd4ef7ecd286b58f28d,gdelt,2022-02-24T14:00:00Z,MKT,How Russia's military might compares to that of Ukraine,,,,,
H156,7d73b9a55909f5aec4062e1fd84f47b4d2e1ae8a,gdelt,2022-07-04T01:00:00Z,MKT,World War II Medal of Honor recipient will lie in honor at U.S. Capitol,,,,,
H157,4e35530307f355a12017a8ceb0e108d6c9d182e4,gdelt,2022-08-11T17:00:00Z,DIS,What to Do in Orlando if You're Not Going to Disney,,,,,
H158,81aac02027158e93d74fbdfcb90359955f497b7b,gdelt,2022-07-14T20:00:00Z,MKT,Ukraine Could Wipe Out 'Exhausted' Russian Troops' Gains: General,,,,,
H159,8b6d413328329ef6e175c35854ac24c6d0118356,gdelt,2022-07-11T13:00:00Z,TSLA,"Update: Twitter Seeks To Force Elon Musk To Complete Purchase, Legal Battle Brewing",,,,,
H160,6270d8e83c310b6988b8d48b15b946f5bf1d3089,kaggle_tweets,2022-03-01T20:58:58Z,AAPL,"$AAPL currently has a market cap of 60,000,000 BTC My 10yr target price is 100,000 BTC (-99.8%).",,,,,
H161,a4c8eb6978754c3ae71a762ac3882e5b41695715,kaggle_tweets,2022-02-18T15:07:31Z,AMZN,"$22,000 in 3 Minutes. See y’all next week✌🏻 Live Video of trade will be on my IG within an Hour🥱 $AMZN",,,,,
H162,296e8d52a8071254ff912d5efe82eb9de62b8367,gdelt,2022-04-18T14:00:00Z,MKT,Worried About Food Inflation? This Booming Stock Can Hedge This Risk,,,,,
H163,360ab5cb829280d90eaebc5bce198f45b7dc8012,gdelt,2022-04-11T12:00:00Z,META,Pranitha Subhash Expecting First Child With Hubby Nitin Raju; Hungama 2 Actress Shares Lovely Pictures on Instagram!,,,,,
H164,644824af39961ccafa54ddce903ffd1c32309034,kaggle_tweets,2022-03-10T15:51:37Z,TSLA,$TSLA down now almost 4% because it's Thursday.,,,,,
H165,0dc68e090872a83a5fb56c73dc79b3c1f104507e,gdelt,2022-03-24T15:00:00Z,MKT,Colorado lawmakers ask Biden to consider Russia's war on Ukraine when making final call on Space Command's location,,,,,
H166,0c4136a6fddb3d37b7f2fa3051e3019d34469aaa,gdelt,2022-04-04T19:00:00Z,XOM,Dentons Assists Romgaz On Obtaining EUR325M Loan Facility To Buy Exxon's Stake In Neptun Deep Project,,,,,
H167,734f9015d03975509b931d4f2d4f112198605826,gdelt,2021-12-07T14:00:00Z,NFLX,"New 'Bubble' anime teased by Netflix: Release, cast and plot explained",,,,,
H168,900d1b67b3499051e46d75a595f76c039b0639ff,kaggle_tweets,2022-08-17T10:02:52Z,TSLA,"*MORGAN STANLEY UPGRADES $TSLA TO $2,000 ON MAN UNITED PURCHASE* *RELEGATION IS AN OPPORTUNITY TO EXPAND TAM* *MUSK WILL ADD VALUE WITH OBVIOUS ATHLETIC BACKGROUND*",,,,,
H169,1c374030c46da6f16de6b4894f6a29afef06d6bc,gdelt,2022-03-22T23:00:00Z,MKT,"Raimondo announces deal with British counterpart on steel, aluminum tariffs",,,,,
H170,f36a4b7a4b32a241b78a7fac97231c9e23d1ea66,gdelt,2021-12-20T19:00:00Z,JPM,"JPMorgan's Crime Wave Continues, Calling into Question the Justice Department's Lax Settlement with the Bank Last Year",,,,,
H171,7c312e9a190dc729b8005cbe6b56434fdfcdc651,gdelt,2022-03-08T07:00:00Z,MKT,Qantas expects airfares to rise if oil price stays high due to Ukraine war,,,,,
H172,a3c32336616ab21a2a3e020e53840cc194e8a8e6,gdelt,2022-04-11T08:00:00Z,MKT,How high is too high for the Fed?,,,,,
H173,c64d147af77e19dd67b29f2ea5d6defaa4e9dfab,kaggle_tweets,2021-10-28T16:48:25Z,TSLA,"2/ The only way to value $TSLA is to go out 5+ years, forecast EV adoption, TSLA share & ASP, Auto GM % and oper exp, compute a 2025 EPS or FCF, attach a multiple based on future growth, and discount back. With 2025 EPS of $40 and a 50x P/E, disctd at 11.6%, TSLA is worth $1,400.",,,,,
H174,fb832bf63070ecd2dd0658af09c63268d6e2c322,gdelt,2022-04-07T06:00:00Z,MKT,Sri Lanka's new central bank chief to hold monetary policy meeting - News,,,,,
H175,aa3654aa183ab39ce48de1a8a12a22cf744ccb88,gdelt,2022-09-16T10:00:00Z,MKT,"Global stocks, Wall St futures lower amid inflation pressure",,,,,
H176,ea858ede4bd7bdf31640f2ef10e9c6a1a98d84a2,gdelt,2021-11-17T12:00:00Z,MKT,"Estonia announces snap military exercise, will put razor wire along Russian border",,,,,
H177,058ef42d44b2f9f7d3edca913ca5e3e0c9d9ec71,gdelt,2021-11-10T11:00:00Z,MKT,"Anambra election: Traditional ruler, Ilouno speaks on APGA, Soludo's victory",,,,,
H178,713651fc98c26627718a081122fca409b94d726f,gdelt,2022-03-16T02:00:00Z,MSFT,Microsoft Releases KB5011563 for Windows 11 Beta Channel Users,,,,,
H179,f9d1bb29e9b879937fde136007d27fd5a342911e,gdelt,2021-11-25T10:00:00Z,MKT,Kaisa sells Hong Kong property stake at steep discount and seeks debt exchange to avoid default,,,,,
H180,0d2806ed5b0d632b0266e8ccab5b71cdaec29f26,kaggle_tweets,2022-02-24T07:36:52Z,TSLA,"SCTY bail out ""I'm taking Tesla private, funding secured "" ""I do not respect the SEC, I do not respect them "" The SEC can S my C Elon musk ""They started it"" $TSLAQ $TSLA",,,,,
H181,c64bab54b4a2850603bc6ccd9b70b2ca491c2901,kaggle_tweets,2022-06-09T15:58:49Z,TSLA,"This is a non-story. The emergency vehicle thing has already been addressed in software. Tesla handles it better than any other ADAS system by far — I don't think anyone else can even detect sirens. If NHTSA did force Tesla to recall, it's already been done or a minor OTA. $TSLA",,,,,
H182,b4afe2f87b60b0fe5843ca3df835c14e367bf05b,gdelt,2022-03-23T07:00:00Z,MKT,"EU companies hit by Russia sanctions can get 400,000 euros aid",,,,,
H183,7a24078586df5b26bfd056c8668fc9c413971129,gdelt,2022-01-07T11:00:00Z,MKT,North Korea: Wednesday's missile test was a hypersonic rocket,,,,,
H184,868f3501cc8a7b6ef98d052c5e8a5f12d8e749e0,kaggle_tweets,2022-02-04T02:30:07Z,AMZN,"1/12 $AMZN 4Q'21 Update Market was in such a dour mood before the earnings that even an okay-ish quarter and guidance drove the stock +15% AH. For the first time, international sales declined in any quarter YoY 😯 I know, I know tough comp. Here's my notes.",,,,,
H185,81eca318cf78c917c9610eeaba1209c803b8285a,gdelt,2022-05-11T22:00:00Z,GOOGL,Google Play adopts App Store-like features including in-app events and custom product pages – TechCrunch,,,,,
H186,e570130ee6280edff0f3d21a80e7b89790ddfaef,gdelt,2022-02-02T11:00:00Z,MKT,TUNISIA : Paris sends its Treasury chief Emmanuel Moulin on special mission to Tunis,,,,,
H187,0dbc7107f7d041198eed35b8c03f5c578ccfeeed,gdelt,2022-05-18T19:00:00Z,MKT,Food shortages stemming from Ukraine war has world leaders scrambling,,,,,
H188,b63a37090534e6b45085aa6df826ce9d3e5b6b37,gdelt,2022-06-30T02:00:00Z,MKT,More Details Are Released On How CA Inflation Checks Will Be Distributed,,,,,
H189,41195d33420767f3450fab9d415b87000b98b394,gdelt,2022-06-29T18:00:00Z,MKT,"Yoon discusses semiconductors, nuclear power plants, weapons exports on NATO sidelines",,,,,
H190,da0fe9ef7dc0176ff63b262f7de8bddb51b00a3e,gdelt,2022-04-20T17:00:00Z,MKT,"As Russia escalates attacks, what a new phase of war means for Ukrainians in the east",,,,,
H191,ba5d22008731aaea71f3f1f8f4324f9edbfb2831,gdelt,2022-03-17T07:00:00Z,MKT,'Like a ricocheting bullet': PH braces for impact of Putin war on Ukraine,,,,,
H192,4e949a5cc2b96c4f08171bb671af33c404ff867b,gdelt,2022-06-02T12:00:00Z,GOOGL,Google appears to be working on an unknown Pixel phone with high-end display specs,,,,,
H193,a3a8c5089c9a68bcca9e717489fd4f438d24776c,kaggle_tweets,2022-09-26T00:38:17Z,TSLA,"$TSLA catalysts - 9/25 1/ TWTR overhang lifts Oct 2/ TSLA 3Q Vols/EPS Oct 3/ S&P credit upgrade Oct 4/ New gigas (UK, East NA) 4Q 5/ TSLA $10B buyback Dec 6/ FSD beta release 4Q 7/ Cytruck launch mid-FY’23 8/ $30K EV Launch mid-FY’24 $550 PT 6-12 mo",,,,,
H194,16f574fa564c43d6ed2e930cab95e9061e7c0a31,kaggle_tweets,2021-11-10T16:28:13Z,TSLA,Everyone trying to buy $TSLA under $1000 this morning.,,,,,
H195,62d92cdd34fd0a6acfd8dc8de79c13263d459da0,gdelt,2021-10-25T18:00:00Z,MKT,EXPLAINER: How months of tensions led to Sudan's coup,,,,,
H196,f4ec01528cc91f965799b9b199b3b587bf63e4e5,gdelt,2021-10-12T18:00:00Z,NFLX,Netflix hit show 'Squid Game' spurs interest in learning Korean | Taiwan News,,,,,
H197,6bd2c9d311a5325a964b419c93ecc59abdf849a5,gdelt,2022-07-13T21:00:00Z,NFLX,Netflix Reveals Update For Ad-Supported Subscription Plan By Partnering With Another Monolithic Corporation,,,,,
H198,b138547e49bcb9d5403a841afd0cbdd269fde047,gdelt,2022-04-29T11:00:00Z,AAPL,Apple posts Q2 2022 revenue record of US$97.3B,,,,,
H199,d0e43e27a1ef57a324eac03d018e52e2c36bb6c6,gdelt,2022-06-01T22:00:00Z,BA,FAA to keep closer eye on Boeing's safety analysis after multiple deadly crashes,,,,,
H200,c078ae0aea6fa3d053c38b598b23a037141a28da,gdelt,2021-11-01T19:00:00Z,GOOGL,Google Pixel 6 Pro vs. Samsung Galaxy S21 Ultra: 2021's best phones go head to head,,,,,
