cp_id,sector,region,seed_geo,seed_mcc,rating,seed_flow_cv,seed_tx_volume,seed_months,pd,spread_bp,source
CP_0001,Materials,US,CA,3260,BBB,0.22946035535722678,2020354.48,118,0.0014000000000000002,185.0,synthetic_demo
CP_0002,Materials,US,CA,3405,BBB,0.23572637694965298,2012614.1199999999,118,0.0014000000000000002,185.0,synthetic_demo
CP_0003,Financials,US,,6300,BB,0.4306750818775151,320296.44,118,0.005600000000000001,314.0,synthetic_demo
CP_0004,Consumer Discretionary,EM,Mexico,7011,BB,0.5830442577695073,72944.48,73,0.005600000000000001,314.0,synthetic_demo
CP_0005,Consumer Discretionary,EUROPE,Italy,5712,B,0.9713409003277343,18226.03,45,0.029300000000000003,530.0,synthetic_demo
CP_0006,Consumer Discretionary,EUROPE,Italy,5310,B,0.8395634656906039,72596.94,118,0.029300000000000003,530.0,synthetic_demo
CP_0007,Consumer Discretionary,US,,4722,BBB,0.21474404245011414,2438191.43,118,0.0014000000000000002,185.0,synthetic_demo
CP_0008,Consumer Staples,US,CA,5912,A,0.0845402141258095,1959730.99,118,0.0005,124.0,synthetic_demo
CP_0009,Energy,US,FL,5541,A,0.06970163361151965,8866018.36,118,0.0005,124.0,synthetic_demo
CP_0010,Utilities,US,,4900,A,0.11849579077891884,2504944.29,118,0.0005,124.0,synthetic_demo
CP_0011,Utilities,US,,4900,BBB,0.1868969953154421,656597.14,118,0.0014000000000000002,185.0,synthetic_demo
CP_0012,Energy,US,TX,5541,BBB,0.13375550961574934,2046285.58,118,0.0014000000000000002,185.0,synthetic_demo
CP_0013,Communication Services,US,,4899,BBB,0.12254566132734702,1380043.45,118,0.0014000000000000002,185.0,synthetic_demo
CP_0014,Consumer Discretionary,US,CA,5814,A,0.07717085521695496,2975849.8,118,0.0005,124.0,synthetic_demo
CP_0015,Consumer Discretionary,US,CA,7538,A,0.07239680373978837,5435357.26,118,0.0005,124.0,synthetic_demo
CP_0016,Consumer Staples,US,CA,5411,AA,0.05997609248656678,6692831.28,118,0.0002,84.0,synthetic_demo
CP_0017,Consumer Discretionary,US,,4722,BBB,0.22092967555429602,2506294.52,118,0.0014000000000000002,185.0,synthetic_demo
CP_0018,Health Care,US,MD,8011,B,0.6484701129134298,50430.66,99,0.029300000000000003,530.0,synthetic_demo
CP_0019,Consumer Staples,US,TN,5411,A,0.09798265663544448,1629263.81,118,0.0005,124.0,synthetic_demo
CP_0020,Consumer Staples,EM,Mexico,5411,B,1.0448776593189137,38877.229999999996,111,0.029300000000000003,530.0,synthetic_demo
CP_0021,Consumer Discretionary,US,CA,7538,A,0.07491336118787312,2598670.94,118,0.0005,124.0,synthetic_demo
CP_0022,Materials,US,CA,3359,BBB,0.200770416215247,2726968.75,118,0.0014000000000000002,185.0,synthetic_demo
CP_0023,Consumer Discretionary,EUROPE,Italy,5712,B,0.8384122910964923,28122.64,24,0.029300000000000003,530.0,synthetic_demo
CP_0024,Consumer Discretionary,US,CA,5942,AA,0.05744007624058885,4473340.18,118,0.0002,84.0,synthetic_demo
CP_0025,Financials,US,,6300,BB,0.4010967767748463,372038.51,118,0.005600000000000001,314.0,synthetic_demo
CP_0026,Consumer Staples,US,CA,5912,AA,0.05517621600837851,8995673.1,118,0.0002,84.0,synthetic_demo
CP_0027,Industrials,US,,4784,BBB,0.12217051801247793,3234760.07,118,0.0014000000000000002,185.0,synthetic_demo
CP_0028,Financials,US,,6300,BB,0.3826074704602825,313873.01,118,0.005600000000000001,314.0,synthetic_demo
CP_0029,Information Technology,EUROPE,Italy,5045,BB,0.5242683970943766,128357.11,117,0.005600000000000001,314.0,synthetic_demo
CP_0030,Consumer Discretionary,US,CA,5311,A,0.06555499125335544,3414849.0,118,0.0005,124.0,synthetic_demo
CP_0031,Consumer Discretionary,EM,Mexico,7011,BB,0.4931816990502786,25700.89,36,0.005600000000000001,314.0,synthetic_demo
CP_0032,Consumer Staples,US,CA,5499,BBB,0.24090866513718334,735101.89,118,0.0014000000000000002,185.0,synthetic_demo
CP_0033,Health Care,US,PA,8049,BB,0.5266491024311611,58251.41,113,0.005600000000000001,314.0,synthetic_demo
CP_0034,Consumer Discretionary,EM,Mexico,5812,CCC,1.3022488052531236,14935.68,73,0.2612,1482.0,synthetic_demo
CP_0035,Consumer Discretionary,US,NY,5311,A,0.09133697250028268,2502740.22,118,0.0005,124.0,synthetic_demo
CP_0036,Energy,US,MI,5541,BBB,0.14803012242746724,1689429.87,118,0.0014000000000000002,185.0,synthetic_demo
CP_0037,Consumer Discretionary,US,CA,5211,A,0.06935366747506183,2723912.31,118,0.0005,124.0,synthetic_demo
CP_0038,Industrials,US,,4784,BBB,0.12916289466436437,15725426.31,118,0.0014000000000000002,185.0,synthetic_demo
CP_0039,Communication Services,US,,4899,A,0.12194401311733062,1400781.23,118,0.0005,124.0,synthetic_demo
CP_0040,Consumer Discretionary,EM,Mexico,5812,B,1.167639310477258,16962.18,89,0.029300000000000003,530.0,synthetic_demo
CP_0041,Financials,US,CA,4829,AAA,0.039198269192367366,53158515.64,118,0.0,61.00000000000001,synthetic_demo
CP_0042,Consumer Discretionary,EM,Mexico,5812,CCC,1.2790146674780853,19461.54,91,0.2612,1482.0,synthetic_demo
CP_0043,Consumer Discretionary,EM,Mexico,7011,BB,0.5937770485275955,27530.34,34,0.005600000000000001,314.0,synthetic_demo
CP_0044,Communication Services,US,,4899,BBB,0.16866167756635106,921050.45,118,0.0014000000000000002,185.0,synthetic_demo
CP_0045,Consumer Staples,US,CA,5411,A,0.08225024748315468,1650079.57,118,0.0005,124.0,synthetic_demo
CP_0046,Utilities,US,,4900,BBB,0.24140967967003088,440971.31,118,0.0014000000000000002,185.0,synthetic_demo
CP_0047,Consumer Discretionary,EM,Dominican Republic,7011,BB,0.4847713682603309,33762.34,42,0.005600000000000001,314.0,synthetic_demo
CP_0048,Consumer Staples,EM,Mexico,5912,B,0.8962865805252591,25920.7,92,0.029300000000000003,530.0,synthetic_demo
CP_0049,Consumer Staples,US,CA,5499,AA,0.05442081733775481,21371156.52,118,0.0002,84.0,synthetic_demo
CP_0050,Energy,US,TX,5541,BBB,0.1879562949861372,1211270.36,118,0.0014000000000000002,185.0,synthetic_demo
CP_0051,Consumer Discretionary,US,CA,5814,A,0.0627075134385627,3724551.0,118,0.0005,124.0,synthetic_demo
CP_0052,Industrials,US,CA,3509,BBB,0.1721955146289788,4205911.13,118,0.0014000000000000002,185.0,synthetic_demo
CP_0053,Consumer Staples,US,CA,5499,AAA,0.04753273349117532,35712266.95,118,0.0,61.00000000000001,synthetic_demo
CP_0054,Industrials,US,CA,3389,BBB,0.20359103076571497,2608270.17,118,0.0014000000000000002,185.0,synthetic_demo
CP_0055,Information Technology,US,,5045,B,0.708033355244306,73924.44,116,0.029300000000000003,530.0,synthetic_demo
CP_0056,Financials,US,,6300,BB,0.3305381038971738,402446.99,118,0.005600000000000001,314.0,synthetic_demo
CP_0057,Consumer Staples,US,CA,5499,AA,0.06110827543708713,440575.09,118,0.0002,84.0,synthetic_demo
CP_0058,Consumer Discretionary,EUROPE,France,7011,BB,0.440484178661373,17038.41,25,0.005600000000000001,314.0,synthetic_demo
CP_0059,Communication Services,US,CA,4814,A,0.09336768549965789,4185086.68,118,0.0005,124.0,synthetic_demo
CP_0060,Financials,US,,6300,BB,0.26536890824428494,605119.78,118,0.005600000000000001,314.0,synthetic_demo
CP_0061,Consumer Discretionary,EM,Mexico,7011,BB,0.5268922123643996,29399.53,41,0.005600000000000001,314.0,synthetic_demo
CP_0062,Financials,US,,6300,BB,0.2873379179314689,630446.88,118,0.005600000000000001,314.0,synthetic_demo
CP_0063,Energy,US,CA,5541,AAA,0.04799560433543433,29152617.55,118,0.0,61.00000000000001,synthetic_demo
CP_0064,Energy,US,TX,5541,BBB,0.18126834346449874,1514768.06,118,0.0014000000000000002,185.0,synthetic_demo
CP_0065,Consumer Discretionary,US,TX,7538,A,0.08047860575793413,2496176.71,118,0.0005,124.0,synthetic_demo
CP_0066,Industrials,US,CA,3722,BBB,0.16351199028193852,4142934.31,118,0.0014000000000000002,185.0,synthetic_demo
CP_0067,Utilities,US,,4900,BBB,0.1338407797908925,960061.01,118,0.0014000000000000002,185.0,synthetic_demo
CP_0068,Energy,US,WA,5541,BBB,0.1838124522866155,1579830.14,118,0.0014000000000000002,185.0,synthetic_demo
CP_0069,Consumer Staples,US,CA,5300,AAA,0.048976193723709774,18900017.57,118,0.0,61.00000000000001,synthetic_demo
CP_0070,Communication Services,US,,4814,BBB,0.1224714930228255,11664842.01,118,0.0014000000000000002,185.0,synthetic_demo
CP_0071,Consumer Staples,US,TX,5499,BBB,0.2029211994457262,711875.43,118,0.0014000000000000002,185.0,synthetic_demo
CP_0072,Consumer Discretionary,EUROPE,Italy,7011,BB,0.5658299113002184,32714.64,40,0.005600000000000001,314.0,synthetic_demo
CP_0073,Utilities,US,,4900,BBB,0.18880577684280306,1335253.1,118,0.0014000000000000002,185.0,synthetic_demo
CP_0074,Communication Services,US,CA,4814,A,0.09680836853565501,3813563.2199999997,118,0.0005,124.0,synthetic_demo
CP_0075,Energy,US,IA,5541,A,0.07790959570999789,5331530.28,118,0.0005,124.0,synthetic_demo
CP_0076,Industrials,US,CA,3640,BBB,0.16981598126671832,3918938.9,118,0.0014000000000000002,185.0,synthetic_demo
CP_0077,Financials,US,,6300,BB,0.3485145711205179,400717.58999999997,118,0.005600000000000001,314.0,synthetic_demo
CP_0078,Consumer Discretionary,US,CA,3504,BBB,0.16953108375035436,4236753.84,118,0.0014000000000000002,185.0,synthetic_demo
CP_0079,Consumer Staples,US,FL,5411,BBB,0.14387018385480357,748523.3,118,0.0014000000000000002,185.0,synthetic_demo
CP_0080,Consumer Staples,US,TX,5411,BBB,0.12290093367103878,917936.18,118,0.0014000000000000002,185.0,synthetic_demo
CP_0081,Consumer Discretionary,EM,Mexico,5813,CCC,1.217432621510984,15164.32,76,0.2612,1482.0,synthetic_demo
CP_0082,Financials,US,,6300,BB,0.4263754883184295,274701.86,118,0.005600000000000001,314.0,synthetic_demo
CP_0083,Information Technology,US,CA,3684,BBB,0.15996137080777803,4194603.97,118,0.0014000000000000002,185.0,synthetic_demo
CP_0084,Financials,US,,6300,BB,0.3482564898488615,383084.43,118,0.005600000000000001,314.0,synthetic_demo
CP_0085,Consumer Discretionary,EM,Mexico,5812,B,0.9960536330744804,49023.07,110,0.029300000000000003,530.0,synthetic_demo
CP_0086,Consumer Staples,US,CA,5411,AA,0.05838593725492596,7717218.45,118,0.0002,84.0,synthetic_demo
CP_0087,Energy,US,TX,5541,AA,0.058826555689839216,17771512.68,118,0.0002,84.0,synthetic_demo
CP_0088,Consumer Discretionary,US,,5311,BBB,0.12370973048658916,3979539.2,118,0.0014000000000000002,185.0,synthetic_demo
CP_0089,Materials,US,CA,3001,BBB,0.2250443238990623,2279963.16,118,0.0014000000000000002,185.0,synthetic_demo
CP_0090,Communication Services,US,,4899,BBB,0.15996154846017122,920665.8099999999,118,0.0014000000000000002,185.0,synthetic_demo
CP_0091,Consumer Staples,EUROPE,Italy,5411,B,1.2019687744037926,11642.9,70,0.029300000000000003,530.0,synthetic_demo
CP_0092,Health Care,US,TX,8062,BB,0.304119888873607,1250591.95,118,0.005600000000000001,314.0,synthetic_demo
CP_0093,Materials,US,CA,3000,BB,0.2483220764895005,2234633.14,118,0.005600000000000001,314.0,synthetic_demo
CP_0094,Consumer Staples,EM,Mexico,5411,B,0.9778284851815345,13097.98,95,0.029300000000000003,530.0,synthetic_demo
CP_0095,Consumer Staples,US,NY,5912,A,0.08672437998950937,2000502.42,118,0.0005,124.0,synthetic_demo
CP_0096,Industrials,US,,4121,A,0.08671903977521189,3447046.94,118,0.0005,124.0,synthetic_demo
CP_0097,Energy,US,OH,5541,BBB,0.15079715004342958,1825920.65,118,0.0014000000000000002,185.0,synthetic_demo
CP_0098,Materials,US,CA,3390,BB,0.25959586699704235,2041373.9,118,0.005600000000000001,314.0,synthetic_demo
CP_0099,Consumer Discretionary,EM,Dominican Republic,5812,B,0.9911726316614007,18465.83,57,0.029300000000000003,530.0,synthetic_demo
CP_0100,Industrials,US,NV,3775,BBB,0.167695926537144,3736118.26,118,0.0014000000000000002,185.0,synthetic_demo
CP_0101,Industrials,US,CA,3596,BBB,0.17272913726288752,3790320.96,118,0.0014000000000000002,185.0,synthetic_demo
CP_0102,Health Care,US,MI,8043,BB,0.5568450832021038,49178.91,114,0.005600000000000001,314.0,synthetic_demo
CP_0103,Industrials,US,,4121,A,0.08663726627252034,3453304.44,118,0.0005,124.0,synthetic_demo
CP_0104,Communication Services,US,CA,4814,A,0.09505698259751193,5063019.78,118,0.0005,124.0,synthetic_demo
CP_0105,Information Technology,US,OH,3780,BBB,0.17300567125395405,3853654.83,118,0.0014000000000000002,185.0,synthetic_demo
CP_0106,Energy,US,IN,5541,BBB,0.16279006292090156,1142146.23,118,0.0014000000000000002,185.0,synthetic_demo
CP_0107,Consumer Staples,US,TX,5912,AA,0.05731133221423749,4575162.49,118,0.0002,84.0,synthetic_demo
CP_0108,Industrials,US,HI,3730,BBB,0.1761729206284201,3808496.23,118,0.0014000000000000002,185.0,synthetic_demo
CP_0109,Utilities,US,,4900,BBB,0.2109235598643284,576016.98,118,0.0014000000000000002,185.0,synthetic_demo
CP_0110,Consumer Discretionary,US,,4722,BBB,0.22808850076388168,2462681.75,118,0.0014000000000000002,185.0,synthetic_demo
CP_0111,Industrials,US,MI,3771,BBB,0.18555958952256765,3784247.98,118,0.0014000000000000002,185.0,synthetic_demo
CP_0112,Consumer Discretionary,EUROPE,Germany,7011,BB,0.43459674021171996,16192.01,24,0.005600000000000001,314.0,synthetic_demo
CP_0113,Consumer Staples,US,NY,5411,A,0.12070619772347621,806471.62,118,0.0005,124.0,synthetic_demo
CP_0114,Health Care,US,IN,8062,BB,0.6024200414771922,52511.45,44,0.005600000000000001,314.0,synthetic_demo
CP_0115,Consumer Staples,EUROPE,Italy,5912,B,1.0083340329649186,28817.0,93,0.029300000000000003,530.0,synthetic_demo
CP_0116,Consumer Discretionary,US,CA,5311,AA,0.061094914755265683,5052527.28,118,0.0002,84.0,synthetic_demo
CP_0117,Consumer Discretionary,US,,5311,A,0.12086502668119899,2669441.08,118,0.0005,124.0,synthetic_demo
CP_0118,Consumer Discretionary,US,CA,5970,A,0.06693347985385219,2891203.37,118,0.0005,124.0,synthetic_demo
CP_0119,Utilities,US,,4900,BBB,0.16889455851253932,664508.85,118,0.0014000000000000002,185.0,synthetic_demo
CP_0120,Information Technology,US,,5045,B,0.6089691764819,71379.4,115,0.029300000000000003,530.0,synthetic_demo
CP_0121,Consumer Discretionary,EUROPE,Italy,5651,B,0.9821802363806753,13446.84,83,0.029300000000000003,530.0,synthetic_demo
