source,position_id,asset_class,instrument,cp_id,sector,region,rating,notional,ead,market_value,maturity_years,rate_type,spread_bp,spread_duration,pd,lgd,coupon,ytm,mod_duration,convexity,fixed_rate,direction,dv01,currency,spread_dv01,option_type,strike_pct,implied_vol,units,delta,gamma,vega,beta
synthetic_demo,LN_CP_0001_1,loan,term_loan,CP_0001,Materials,US,BBB,39737759.38410563,39737759.38410563,39737759.38410563,1.28,floating,185.0,1.2105,0.0014000000000000002,0.45,,,,,,,,,,,,,,,,,
synthetic_demo,LN_CP_0002_1,loan,term_loan,CP_0002,Materials,US,BBB,39727253.3212794,39727253.3212794,39727253.3212794,1.83,fixed,185.0,1.6754,0.0014000000000000002,0.25,,,,,,,,,,,,,,,,,
synthetic_demo,LN_CP_0003_1,loan,term_loan,CP_0003,Financials,US,BB,34696823.091990136,34696823.091990136,34696823.091990136,3.4,floating,314.0,3.0501,0.005600000000000001,0.45,,,,,,,,,,,,,,,,,
synthetic_demo,LN_CP_0004_1,loan,term_loan,CP_0004,Consumer Discretionary,EM,BB,30647314.69485479,30647314.69485479,30647314.69485479,1.93,floating,314.0,1.8446,0.005600000000000001,0.25,,,,,,,,,,,,,,,,,
synthetic_demo,LN_CP_0005_1,loan,term_loan,CP_0005,Consumer Discretionary,EUROPE,B,26851526.673231386,26851526.673231386,26851526.673231386,5.17,fixed,530.0,3.7839,0.029300000000000003,0.45,,,,,,,,,,,,,,,,,
synthetic_demo,LN_CP_0006_1,loan,term_loan,CP_0006,Consumer Discretionary,EUROPE,B,30634243.293331195,30634243.293331195,30634243.293331195,4.85,floating,530.0,3.5252,0.029300000000000003,0.45,,,,,,,,,,,,,,,,,
synthetic_demo,LN_CP_0007_1,loan,term_loan,CP_0007,Consumer Discretionary,US,BBB,40252268.44729743,40252268.44729743,40252268.44729743,6.12,fixed,185.0,5.1447,0.0014000000000000002,0.45,,,,,,,,,,,,,,,,,
synthetic_demo,LN_CP_0008_1,loan,term_loan,CP_0008,Consumer Staples,US,A,39654374.89608219,39654374.89608219,39654374.89608219,3.61,floating,124.0,3.2918,0.0005,0.45,,,,,,,,,,,,,,,,,
synthetic_demo,LN_CP_0009_1,loan,term_loan,CP_0009,Energy,US,A,21892818.935348514,21892818.935348514,21892818.935348514,6.83,fixed,124.0,5.9262,0.0005,0.45,,,,,,,,,,,,,,,,,
synthetic_demo,LN_CP_0009_2,loan,revolver,CP_0009,Energy,US,A,21892818.935348514,21892818.935348514,21892818.935348514,1.47,floating,124.0,1.4616,0.0005,0.25,,,,,,,,,,,,,,,,,
synthetic_demo,LN_CP_0010_1,loan,term_loan,CP_0010,Utilities,US,A,40326194.39242849,40326194.39242849,40326194.39242849,1.59,floating,124.0,1.4614,0.0005,0.45,,,,,,,,,,,,,,,,,
synthetic_demo,LN_CP_0011_1,loan,term_loan,CP_0011,Utilities,US,BBB,18330749.55263715,18330749.55263715,18330749.55263715,4.2,fixed,185.0,3.8259,0.0014000000000000002,0.45,,,,,,,,,,,,,,,,,
synthetic_demo,LN_CP_0011_2,loan,revolver,CP_0011,Utilities,US,BBB,18330749.55263715,18330749.55263715,18330749.55263715,4.67,floating,185.0,4.22,0.0014000000000000002,0.25,,,,,,,,,,,,,,,,,
synthetic_demo,LN_CP_0012_1,loan,term_loan,CP_0012,Energy,US,BBB,39772664.91379295,39772664.91379295,39772664.91379295,3.19,floating,185.0,3.0018,0.0014000000000000002,0.25,,,,,,,,,,,,,,,,,
synthetic_demo,LN_CP_0013_1,loan,term_loan,CP_0013,Communication Services,US,BBB,38694533.91478829,38694533.91478829,38694533.91478829,4.74,floating,185.0,4.2189,0.0014000000000000002,0.45,,,,,,,,,,,,,,,,,
synthetic_demo,LN_CP_0014_1,loan,term_loan,CP_0014,Consumer Discretionary,US,A,40797676.84182295,40797676.84182295,40797676.84182295,5.47,floating,124.0,4.9691,0.0005,0.25,,,,,,,,,,,,,,,,,
synthetic_demo,LN_CP_0015_1,loan,term_loan,CP_0015,Consumer Discretionary,US,A,21223213.67228564,21223213.67228564,21223213.67228564,3.39,floating,124.0,3.2939,0.0005,0.45,,,,,,,,,,,,,,,,,
synthetic_demo,LN_CP_0015_2,loan,revolver,CP_0015,Consumer Discretionary,US,A,21223213.67228564,21223213.67228564,21223213.67228564,5.74,fixed,124.0,5.1662,0.0005,0.25,,,,,,,,,,,,,,,,,
synthetic_demo,LN_CP_0016_1,loan,term_loan,CP_0016,Consumer Staples,US,AA,43016027.02045852,43016027.02045852,43016027.02045852,3.63,floating,84.0,3.5744,0.0002,0.25,,,,,,,,,,,,,,,,,
synthetic_demo,LN_CP_0017_1,loan,term_loan,CP_0017,Consumer Discretionary,US,BBB,40327669.30339626,40327669.30339626,40327669.30339626,2.27,floating,185.0,2.1292,0.0014000000000000002,0.45,,,,,,,,,,,,,,,,,
synthetic_demo,LN_CP_0018_1,loan,term_loan,CP_0018,Health Care,US,B,29637093.807311993,29637093.807311993,29637093.807311993,1.21,fixed,530.0,1.1438,0.029300000000000003,0.45,,,,,,,,,,,,,,,,,
synthetic_demo,LN_CP_0019_1,loan,term_loan,CP_0019,Consumer Staples,US,A,39148910.529063895,39148910.529063895,39148910.529063895,2.82,floating,124.0,2.6228,0.0005,0.45,,,,,,,,,,,,,,,,,
synthetic_demo,LN_CP_0020_1,loan,term_loan,CP_0020,Consumer Staples,EM,B,28924954.868030883,28924954.868030883,28924954.868030883,4.26,floating,530.0,3.2509,0.029300000000000003,0.45,,,,,,,,,,,,,,,,,
synthetic_demo,LN_CP_0021_1,loan,term_loan,CP_0021,Consumer Discretionary,US,A,40426733.98988229,40426733.98988229,40426733.98988229,3.07,floating,124.0,2.8483,0.0005,0.25,,,,,,,,,,,,,,,,,
synthetic_demo,LN_CP_0022_1,loan,term_loan,CP_0022,Materials,US,BBB,20279315.452778924,20279315.452778924,20279315.452778924,6.18,fixed,185.0,5.3257,0.0014000000000000002,0.25,,,,,,,,,,,,,,,,,
synthetic_demo,LN_CP_0022_2,loan,revolver,CP_0022,Materials,US,BBB,20279315.452778924,20279315.452778924,20279315.452778924,4.05,floating,185.0,3.6234,0.0014000000000000002,0.45,,,,,,,,,,,,,,,,,
synthetic_demo,LN_CP_0023_1,loan,term_loan,CP_0023,Consumer Discretionary,EUROPE,B,28038625.16651219,28038625.16651219,28038625.16651219,2.67,floating,530.0,2.3015,0.029300000000000003,0.25,,,,,,,,,,,,,,,,,
synthetic_demo,LN_CP_0024_1,loan,term_loan,CP_0024,Consumer Discretionary,US,AA,20956644.7380005,20956644.7380005,20956644.7380005,2.61,floating,84.0,2.4239,0.0002,0.25,,,,,,,,,,,,,,,,,
synthetic_demo,LN_CP_0024_2,loan,revolver,CP_0024,Consumer Discretionary,US,AA,20956644.7380005,20956644.7380005,20956644.7380005,5.11,floating,84.0,4.6683,0.0002,0.25,,,,,,,,,,,,,,,,,
synthetic_demo,LN_CP_0025_1,loan,term_loan,CP_0025,Financials,US,BB,35106688.4555219,35106688.4555219,35106688.4555219,2.33,fixed,314.0,2.0554,0.005600000000000001,0.45,,,,,,,,,,,,,,,,,
synthetic_demo,LN_CP_0026_1,loan,term_loan,CP_0026,Consumer Staples,US,AA,43825373.17875653,43825373.17875653,43825373.17875653,4.72,floating,84.0,4.4558,0.0002,0.25,,,,,,,,,,,,,,,,,
synthetic_demo,LN_CP_0027_1,loan,term_loan,CP_0027,Industrials,US,BBB,41026010.50755256,41026010.50755256,41026010.50755256,3.78,fixed,185.0,3.4191,0.0014000000000000002,0.45,,,,,,,,,,,,,,,,,
synthetic_demo,LN_CP_0028_1,loan,term_loan,CP_0028,Financials,US,BB,34641375.88524875,34641375.88524875,34641375.88524875,1.62,floating,314.0,1.4089,0.005600000000000001,0.45,,,,,,,,,,,,,,,,,
synthetic_demo,LN_CP_0029_1,loan,term_loan,CP_0029,Information Technology,EUROPE,BB,16097017.974380739,16097017.974380739,16097017.974380739,3.34,fixed,314.0,2.8582,0.005600000000000001,0.25,,,,,,,,,,,,,,,,,
synthetic_demo,LN_CP_0029_2,loan,revolver,CP_0029,Information Technology,EUROPE,BB,16097017.974380739,16097017.974380739,16097017.974380739,3.1,floating,314.0,2.6637,0.005600000000000001,0.25,,,,,,,,,,,,,,,,,
synthetic_demo,LN_CP_0030_1,loan,term_loan,CP_0030,Consumer Discretionary,US,A,41174296.54470928,41174296.54470928,41174296.54470928,6.33,floating,124.0,5.5508,0.0005,0.45,,,,,,,,,,,,,,,,,
synthetic_demo,LN_CP_0031_1,loan,term_loan,CP_0031,Consumer Discretionary,EM,BB,27792161.10361426,27792161.10361426,27792161.10361426,6.07,floating,314.0,4.7311,0.005600000000000001,0.45,,,,,,,,,,,,,,,,,
synthetic_demo,LN_CP_0032_1,loan,term_loan,CP_0032,Consumer Staples,US,BBB,36970610.51132041,36970610.51132041,36970610.51132041,4.07,floating,185.0,3.6231,0.0014000000000000002,0.45,,,,,,,,,,,,,,,,,
synthetic_demo,LN_CP_0033_1,loan,term_loan,CP_0033,Health Care,US,BB,30031682.790077545,30031682.790077545,30031682.790077545,5.32,fixed,314.0,4.2675,0.005600000000000001,0.25,,,,,,,,,,,,,,,,,
synthetic_demo,LN_CP_0034_1,loan,term_loan,CP_0034,Consumer Discretionary,EM,CCC,13153299.018978957,13153299.018978957,13153299.018978957,6.56,floating,1482.0,2.5127,0.2612,0.25,,,,,,,,,,,,,,,,,
synthetic_demo,LN_CP_0034_2,loan,revolver,CP_0034,Consumer Discretionary,EM,CCC,13153299.018978957,13153299.018978957,13153299.018978957,3.2,floating,1482.0,1.9008,0.2612,0.25,,,,,,,,,,,,,,,,,
synthetic_demo,LN_CP_0035_1,loan,term_loan,CP_0035,Consumer Discretionary,US,A,40323785.08847981,40323785.08847981,40323785.08847981,2.58,floating,124.0,2.3949,0.0005,0.25,,,,,,,,,,,,,,,,,
synthetic_demo,LN_CP_0036_1,loan,term_loan,CP_0036,Energy,US,BBB,39248161.58428249,39248161.58428249,39248161.58428249,2.45,fixed,185.0,2.3519,0.0014000000000000002,0.25,,,,,,,,,,,,,,,,,
synthetic_demo,LN_CP_0037_1,loan,term_loan,CP_0037,Consumer Discretionary,US,A,20277780.756783452,20277780.756783452,20277780.756783452,1.69,floating,124.0,1.6984,0.0005,0.45,,,,,,,,,,,,,,,,,
synthetic_demo,LN_CP_0037_2,loan,revolver,CP_0037,Consumer Discretionary,US,A,20277780.756783452,20277780.756783452,20277780.756783452,4.49,fixed,124.0,4.1515,0.0005,0.45,,,,,,,,,,,,,,,,,
synthetic_demo,LN_CP_0038_1,loan,term_loan,CP_0038,Industrials,US,BBB,22677039.126913376,22677039.126913376,22677039.126913376,2.76,fixed,185.0,2.5711,0.0014000000000000002,0.45,,,,,,,,,,,,,,,,,
synthetic_demo,LN_CP_0038_2,loan,revolver,CP_0038,Industrials,US,BBB,22677039.126913376,22677039.126913376,22677039.126913376,5.62,floating,185.0,4.783,0.0014000000000000002,0.45,,,,,,,,,,,,,,,,,
synthetic_demo,LN_CP_0039_1,loan,term_loan,CP_0039,Communication Services,US,A,38735356.43810314,38735356.43810314,38735356.43810314,6.84,floating,124.0,5.926,0.0005,0.45,,,,,,,,,,,,,,,,,
synthetic_demo,LN_CP_0040_1,loan,term_loan,CP_0040,Consumer Discretionary,EM,B,26654833.92302791,26654833.92302791,26654833.92302791,5.72,fixed,530.0,4.0216,0.029300000000000003,0.25,,,,,,,,,,,,,,,,,
synthetic_demo,LN_CP_0041_1,loan,term_loan,CP_0041,Financials,US,AAA,48687729.926043294,48687729.926043294,48687729.926043294,3.39,fixed,61.0,3.3802,0.0,0.45,,,,,,,,,,,,,,,,,
synthetic_demo,LN_CP_0042_1,loan,term_loan,CP_0042,Consumer Discretionary,EM,CCC,27031044.228081726,27031044.228081726,27031044.228081726,1.72,floating,1482.0,1.2731,0.2612,0.45,,,,,,,,,,,,,,,,,
synthetic_demo,LN_CP_0043_1,loan,term_loan,CP_0043,Consumer Discretionary,EM,BB,27980364.84894066,27980364.84894066,27980364.84894066,6.58,floating,314.0,5.0211,0.005600000000000001,0.25,,,,,,,,,,,,,,,,,
synthetic_demo,LN_CP_0044_1,loan,term_loan,CP_0044,Communication Services,US,BBB,37587817.2553752,37587817.2553752,37587817.2553752,1.66,floating,185.0,1.6758,0.0014000000000000002,0.45,,,,,,,,,,,,,,,,,
synthetic_demo,LN_CP_0045_1,loan,term_loan,CP_0045,Consumer Staples,US,A,39183657.292045236,39183657.292045236,39183657.292045236,3.43,floating,124.0,3.2935,0.0005,0.45,,,,,,,,,,,,,,,,,
synthetic_demo,LN_CP_0046_1,loan,term_loan,CP_0046,Utilities,US,BBB,35571928.64105358,35571928.64105358,35571928.64105358,5.02,floating,185.0,4.4104,0.0014000000000000002,0.25,,,,,,,,,,,,,,,,,
synthetic_demo,LN_CP_0047_1,loan,term_loan,CP_0047,Consumer Discretionary,EM,BB,28538867.584274653,28538867.584274653,28538867.584274653,3.75,floating,314.0,3.2355,0.005600000000000001,0.25,,,,,,,,,,,,,,,,,
synthetic_demo,LN_CP_0048_1,loan,term_loan,CP_0048,Consumer Staples,EM,B,27815470.006635208,27815470.006635208,27815470.006635208,4.2,floating,530.0,3.2516,0.029300000000000003,0.45,,,,,,,,,,,,,,,,,
synthetic_demo,LN_CP_0049_1,loan,term_loan,CP_0049,Consumer Staples,US,AA,46193686.14136592,46193686.14136592,46193686.14136592,4.96,floating,84.0,4.671,0.0002,0.45,,,,,,,,,,,,,,,,,
synthetic_demo,LN_CP_0050_1,loan,term_loan,CP_0050,Energy,US,BBB,38337506.511405855,38337506.511405855,38337506.511405855,1.75,floating,185.0,1.6756,0.0014000000000000002,0.45,,,,,,,,,,,,,,,,,
synthetic_demo,LN_CP_0051_1,loan,term_loan,CP_0051,Consumer Discretionary,US,A,20705951.45512905,20705951.45512905,20705951.45512905,5.16,floating,124.0,4.7699,0.0005,0.45,,,,,,,,,,,,,,,,,
synthetic_demo,LN_CP_0051_2,loan,revolver,CP_0051,Consumer Discretionary,US,A,20705951.45512905,20705951.45512905,20705951.45512905,4.0,floating,124.0,3.7271,0.0005,0.45,,,,,,,,,,,,,,,,,
synthetic_demo,LN_CP_0052_1,loan,term_loan,CP_0052,Industrials,US,BBB,41744569.324651465,41744569.324651465,41744569.324651465,1.83,floating,185.0,1.6754,0.0014000000000000002,0.45,,,,,,,,,,,,,,,,,
synthetic_demo,LN_CP_0053_1,loan,term_loan,CP_0053,Consumer Staples,US,AAA,23799499.53515979,23799499.53515979,23799499.53515979,6.9,floating,61.0,6.4225,0.0,0.25,,,,,,,,,,,,,,,,,
synthetic_demo,LN_CP_0053_2,loan,revolver,CP_0053,Consumer Staples,US,AAA,23799499.53515979,23799499.53515979,23799499.53515979,1.97,floating,61.0,1.9633,0.0,0.45,,,,,,,,,,,,,,,,,
synthetic_demo,LN_CP_0054_1,loan,term_loan,CP_0054,Industrials,US,BBB,40436825.527995296,40436825.527995296,40436825.527995296,2.31,floating,185.0,2.129,0.0014000000000000002,0.25,,,,,,,,,,,,,,,,,
synthetic_demo,LN_CP_0055_1,loan,term_loan,CP_0055,Information Technology,US,B,15341919.755303202,15341919.755303202,15341919.755303202,5.57,fixed,530.0,3.9031,0.029300000000000003,0.45,,,,,,,,,,,,,,,,,
synthetic_demo,LN_CP_0055_2,loan,revolver,CP_0055,Information Technology,US,B,15341919.755303202,15341919.755303202,15341919.755303202,2.77,floating,530.0,2.301,0.029300000000000003,0.25,,,,,,,,,,,,,,,,,
synthetic_demo,LN_CP_0056_1,loan,term_loan,CP_0056,Financials,US,BB,17660861.411526315,17660861.411526315,17660861.411526315,1.86,floating,314.0,1.6286,0.005600000000000001,0.45,,,,,,,,,,,,,,,,,
synthetic_demo,LN_CP_0056_2,loan,revolver,CP_0056,Financials,US,BB,17660861.411526315,17660861.411526315,17660861.411526315,2.59,fixed,314.0,2.2623,0.005600000000000001,0.45,,,,,,,,,,,,,,,,,
synthetic_demo,LN_CP_0057_1,loan,term_loan,CP_0057,Consumer Staples,US,AA,35569468.3052442,35569468.3052442,35569468.3052442,4.77,floating,84.0,4.455,0.0002,0.25,,,,,,,,,,,,,,,,,
synthetic_demo,LN_CP_0058_1,loan,term_loan,CP_0058,Consumer Discretionary,EUROPE,BB,26667106.71393652,26667106.71393652,26667106.71393652,6.88,floating,314.0,5.3019,0.005600000000000001,0.45,,,,,,,,,,,,,,,,,
synthetic_demo,LN_CP_0059_1,loan,term_loan,CP_0059,Communication Services,US,A,41730984.18945229,41730984.18945229,41730984.18945229,4.43,floating,124.0,4.1524,0.0005,0.45,,,,,,,,,,,,,,,,,
synthetic_demo,LN_CP_0060_1,loan,term_loan,CP_0060,Financials,US,BB,36438039.70497492,36438039.70497492,36438039.70497492,5.3,floating,314.0,4.2679,0.005600000000000001,0.25,,,,,,,,,,,,,,,,,
synthetic_demo,LN_CP_0061_1,loan,term_loan,CP_0061,Consumer Discretionary,EM,BB,14080078.872931639,14080078.872931639,14080078.872931639,5.09,floating,314.0,4.105,0.005600000000000001,0.45,,,,,,,,,,,,,,,,,
synthetic_demo,LN_CP_0061_2,loan,revolver,CP_0061,Consumer Discretionary,EM,BB,14080078.872931639,14080078.872931639,14080078.872931639,1.83,floating,314.0,1.6287,0.005600000000000001,0.45,,,,,,,,,,,,,,,,,
synthetic_demo,LN_CP_0062_1,loan,term_loan,CP_0062,Financials,US,BB,18275131.532036077,18275131.532036077,18275131.532036077,6.87,fixed,314.0,5.1596,0.005600000000000001,0.25,,,,,,,,,,,,,,,,,
synthetic_demo,LN_CP_0062_2,loan,revolver,CP_0062,Financials,US,BB,18275131.532036077,18275131.532036077,18275131.532036077,6.88,floating,314.0,5.3018,0.005600000000000001,0.45,,,,,,,,,,,,,,,,,
synthetic_demo,LN_CP_0063_1,loan,term_loan,CP_0063,Energy,US,AAA,47043528.30012192,47043528.30012192,47043528.30012192,3.41,floating,61.0,3.3801,0.0,0.25,,,,,,,,,,,,,,,,,
synthetic_demo,LN_CP_0064_1,loan,term_loan,CP_0064,Energy,US,BBB,38949477.23468245,38949477.23468245,38949477.23468245,2.66,fixed,185.0,2.5717,0.0014000000000000002,0.45,,,,,,,,,,,,,,,,,
synthetic_demo,LN_CP_0065_1,loan,term_loan,CP_0065,Consumer Discretionary,US,A,20158298.912037455,20158298.912037455,20158298.912037455,1.57,fixed,124.0,1.4614,0.0005,0.45,,,,,,,,,,,,,,,,,
synthetic_demo,LN_CP_0065_2,loan,revolver,CP_0065,Consumer Discretionary,US,A,20158298.912037455,20158298.912037455,20158298.912037455,2.72,floating,124.0,2.6233,0.0005,0.25,,,,,,,,,,,,,,,,,
synthetic_demo,LN_CP_0066_1,loan,term_loan,CP_0066,Industrials,US,BBB,41703277.34692725,41703277.34692725,41703277.34692725,5.83,fixed,185.0,4.9665,0.0014000000000000002,0.45,,,,,,,,,,,,,,,,,
synthetic_demo,LN_CP_0067_1,loan,term_loan,CP_0067,Utilities,US,BBB,37701353.118670076,37701353.118670076,37701353.118670076,6.46,floating,185.0,5.4981,0.0014000000000000002,0.45,,,,,,,,,,,,,,,,,
synthetic_demo,LN_CP_0068_1,loan,term_loan,CP_0068,Energy,US,BBB,39064581.34112967,39064581.34112967,39064581.34112967,2.29,fixed,185.0,2.129,0.0014000000000000002,0.25,,,,,,,,,,,,,,,,,
synthetic_demo,LN_CP_0069_1,loan,term_loan,CP_0069,Consumer Staples,US,AAA,45857366.68074826,45857366.68074826,45857366.68074826,3.98,fixed,61.0,3.838,0.0,0.45,,,,,,,,,,,,,,,,,
synthetic_demo,LN_CP_0070_1,loan,term_loan,CP_0070,Communication Services,US,BBB,44536540.69236352,44536540.69236352,44536540.69236352,1.48,floating,185.0,1.4445,0.0014000000000000002,0.45,,,,,,,,,,,,,,,,,
synthetic_demo,LN_CP_0071_1,loan,term_loan,CP_0071,Consumer Staples,US,BBB,36882736.238555156,36882736.238555156,36882736.238555156,3.18,fixed,185.0,3.0019,0.0014000000000000002,0.45,,,,,,,,,,,,,,,,,
synthetic_demo,LN_CP_0072_1,loan,term_loan,CP_0072,Consumer Discretionary,EUROPE,BB,28452588.6513625,28452588.6513625,28452588.6513625,4.05,floating,314.0,3.4172,0.005600000000000001,0.45,,,,,,,,,,,,,,,,,
synthetic_demo,LN_CP_0073_1,loan,term_loan,CP_0073,Utilities,US,BBB,38604229.34561831,38604229.34561831,38604229.34561831,3.09,floating,185.0,2.7872,0.0014000000000000002,0.45,,,,,,,,,,,,,,,,,
synthetic_demo,LN_CP_0074_1,loan,term_loan,CP_0074,Communication Services,US,A,20738272.117377758,20738272.117377758,20738272.117377758,5.03,floating,124.0,4.5647,0.0005,0.45,,,,,,,,,,,,,,,,,
synthetic_demo,LN_CP_0074_2,loan,revolver,CP_0074,Communication Services,US,A,20738272.117377758,20738272.117377758,20738272.117377758,5.14,floating,124.0,4.7703,0.0005,0.45,,,,,,,,,,,,,,,,,
synthetic_demo,LN_CP_0075_1,loan,term_loan,CP_0075,Energy,US,A,42393639.16949193,42393639.16949193,42393639.16949193,4.6,floating,124.0,4.1498,0.0005,0.45,,,,,,,,,,,,,,,,,
synthetic_demo,LN_CP_0076_1,loan,term_loan,CP_0076,Industrials,US,BBB,41551146.21751554,41551146.21751554,41551146.21751554,6.79,floating,185.0,5.6659,0.0014000000000000002,0.45,,,,,,,,,,,,,,,,,
synthetic_demo,LN_CP_0077_1,loan,term_loan,CP_0077,Financials,US,BB,35309936.05548975,35309936.05548975,35309936.05548975,3.48,floating,314.0,3.0494,0.005600000000000001,0.25,,,,,,,,,,,,,,,,,
synthetic_demo,LN_CP_0078_1,loan,term_loan,CP_0078,Consumer Discretionary,US,BBB,20882283.466256563,20882283.466256563,20882283.466256563,4.24,floating,185.0,3.8254,0.0014000000000000002,0.45,,,,,,,,,,,,,,,,,
synthetic_demo,LN_CP_0078_2,loan,revolver,CP_0078,Consumer Discretionary,US,BBB,20882283.466256563,20882283.466256563,20882283.466256563,4.09,floating,185.0,3.6228,0.0014000000000000002,0.25,,,,,,,,,,,,,,,,,
synthetic_demo,LN_CP_0079_1,loan,term_loan,CP_0079,Consumer Staples,US,BBB,18510065.72872262,18510065.72872262,18510065.72872262,6.85,floating,185.0,5.6642,0.0014000000000000002,0.45,,,,,,,,,,,,,,,,,
synthetic_demo,LN_CP_0079_2,loan,revolver,CP_0079,Consumer Staples,US,BBB,18510065.72872262,18510065.72872262,18510065.72872262,4.22,fixed,185.0,3.8257,0.0014000000000000002,0.25,,,,,,,,,,,,,,,,,
synthetic_demo,LN_CP_0080_1,loan,term_loan,CP_0080,Consumer Staples,US,BBB,18789273.611546136,18789273.611546136,18789273.611546136,2.66,floating,185.0,2.5717,0.0014000000000000002,0.25,,,,,,,,,,,,,,,,,
synthetic_demo,LN_CP_0080_2,loan,revolver,CP_0080,Consumer Staples,US,BBB,18789273.611546136,18789273.611546136,18789273.611546136,4.75,fixed,185.0,4.2187,0.0014000000000000002,0.25,,,,,,,,,,,,,,,,,
synthetic_demo,LN_CP_0081_1,loan,term_loan,CP_0081,Consumer Discretionary,EM,CCC,26348179.256279793,26348179.256279793,26348179.256279793,2.43,floating,1482.0,1.6272,0.2612,0.25,,,,,,,,,,,,,,,,,
synthetic_demo,LN_CP_0082_1,loan,term_loan,CP_0082,Financials,US,BB,34276529.38915225,34276529.38915225,34276529.38915225,2.93,fixed,314.0,2.6647,0.005600000000000001,0.25,,,,,,,,,,,,,,,,,
synthetic_demo,LN_CP_0083_1,loan,term_loan,CP_0083,Information Technology,US,BBB,41737201.300782315,41737201.300782315,41737201.300782315,5.27,floating,185.0,4.5994,0.0014000000000000002,0.45,,,,,,,,,,,,,,,,,
synthetic_demo,LN_CP_0084_1,loan,term_loan,CP_0084,Financials,US,BB,35186767.40181111,35186767.40181111,35186767.40181111,4.2,fixed,314.0,3.5964,0.005600000000000001,0.25,,,,,,,,,,,,,,,,,
synthetic_demo,LN_CP_0085_1,loan,term_loan,CP_0085,Consumer Discretionary,EM,B,14779807.115358096,14779807.115358096,14779807.115358096,5.5,fixed,530.0,3.9042,0.029300000000000003,0.45,,,,,,,,,,,,,,,,,
synthetic_demo,LN_CP_0085_2,loan,revolver,CP_0085,Consumer Discretionary,EM,B,14779807.115358096,14779807.115358096,14779807.115358096,2.02,floating,530.0,1.7501,0.029300000000000003,0.25,,,,,,,,,,,,,,,,,
synthetic_demo,LN_CP_0086_1,loan,term_loan,CP_0086,Consumer Staples,US,AA,21702910.432428658,21702910.432428658,21702910.432428658,3.28,floating,84.0,3.1192,0.0002,0.45,,,,,,,,,,,,,,,,,
synthetic_demo,LN_CP_0086_2,loan,revolver,CP_0086,Consumer Staples,US,AA,21702910.432428658,21702910.432428658,21702910.432428658,4.03,floating,84.0,3.7964,0.0002,0.25,,,,,,,,,,,,,,,,,
synthetic_demo,LN_CP_0087_1,loan,term_loan,CP_0087,Energy,US,AA,22844430.4699111,22844430.4699111,22844430.4699111,3.33,floating,84.0,3.1188,0.0002,0.45,,,,,,,,,,,,,,,,,
synthetic_demo,LN_CP_0087_2,loan,revolver,CP_0087,Energy,US,AA,22844430.4699111,22844430.4699111,22844430.4699111,2.95,floating,84.0,2.8901,0.0002,0.25,,,,,,,,,,,,,,,,,
synthetic_demo,LN_CP_0088_1,loan,term_loan,CP_0088,Consumer Discretionary,US,BBB,41593145.610996775,41593145.610996775,41593145.610996775,6.27,floating,185.0,5.3232,0.0014000000000000002,0.25,,,,,,,,,,,,,,,,,
synthetic_demo,LN_CP_0089_1,loan,term_loan,CP_0089,Materials,US,BBB,40068623.93892901,40068623.93892901,40068623.93892901,6.98,floating,185.0,5.8344,0.0014000000000000002,0.45,,,,,,,,,,,,,,,,,
synthetic_demo,LN_CP_0090_1,loan,term_loan,CP_0090,Communication Services,US,BBB,37586674.022062354,37586674.022062354,37586674.022062354,3.65,floating,185.0,3.4204,0.0014000000000000002,0.45,,,,,,,,,,,,,,,,,
synthetic_demo,LN_CP_0091_1,loan,term_loan,CP_0091,Consumer Staples,EUROPE,B,12812466.592285376,12812466.592285376,12812466.592285376,2.46,floating,530.0,2.1235,0.029300000000000003,0.25,,,,,,,,,,,,,,,,,
synthetic_demo,LN_CP_0091_2,loan,revolver,CP_0091,Consumer Staples,EUROPE,B,12812466.592285376,12812466.592285376,12812466.592285376,6.96,fixed,530.0,4.5444,0.029300000000000003,0.25,,,,,,,,,,,,,,,,,
synthetic_demo,LN_CP_0092_1,loan,term_loan,CP_0092,Health Care,US,BB,19212472.977732003,19212472.977732003,19212472.977732003,1.45,fixed,314.0,1.4092,0.005600000000000001,0.25,,,,,,,,,,,,,,,,,
synthetic_demo,LN_CP_0092_2,loan,revolver,CP_0092,Health Care,US,BB,19212472.977732003,19212472.977732003,19212472.977732003,2.86,floating,314.0,2.465,0.005600000000000001,0.45,,,,,,,,,,,,,,,,,
synthetic_demo,LN_CP_0093_1,loan,term_loan,CP_0093,Materials,US,BB,20006829.564798318,20006829.564798318,20006829.564798318,6.73,floating,314.0,5.1631,0.005600000000000001,0.45,,,,,,,,,,,,,,,,,
synthetic_demo,LN_CP_0093_2,loan,revolver,CP_0093,Materials,US,BB,20006829.564798318,20006829.564798318,20006829.564798318,1.5,floating,314.0,1.4091,0.005600000000000001,0.45,,,,,,,,,,,,,,,,,
synthetic_demo,LN_CP_0094_1,loan,term_loan,CP_0094,Consumer Staples,EM,B,25947245.095529627,25947245.095529627,25947245.095529627,5.29,fixed,530.0,3.7821,0.029300000000000003,0.45,,,,,,,,,,,,,,,,,
synthetic_demo,LN_CP_0095_1,loan,term_loan,CP_0095,Consumer Staples,US,A,39710732.64608012,39710732.64608012,39710732.64608012,2.06,floating,124.0,1.9326,0.0005,0.45,,,,,,,,,,,,,,,,,
synthetic_demo,LN_CP_0096_1,loan,term_loan,CP_0096,Industrials,US,A,20599991.08928117,20599991.08928117,20599991.08928117,4.57,fixed,124.0,4.1502,0.0005,0.25,,,,,,,,,,,,,,,,,
synthetic_demo,LN_CP_0096_2,loan,revolver,CP_0096,Industrials,US,A,20599991.08928117,20599991.08928117,20599991.08928117,3.98,fixed,124.0,3.7273,0.0005,0.45,,,,,,,,,,,,,,,,,
synthetic_demo,LN_CP_0097_1,loan,term_loan,CP_0097,Energy,US,BBB,39460807.0873153,39460807.0873153,39460807.0873153,6.66,fixed,185.0,5.6695,0.0014000000000000002,0.45,,,,,,,,,,,,,,,,,
synthetic_demo,LN_CP_0098_1,loan,term_loan,CP_0098,Materials,US,BB,39766087.446390115,39766087.446390115,39766087.446390115,5.9,floating,314.0,4.7348,0.005600000000000001,0.45,,,,,,,,,,,,,,,,,
synthetic_demo,LN_CP_0099_1,loan,term_loan,CP_0099,Consumer Discretionary,EM,B,13443651.212786127,13443651.212786127,13443651.212786127,1.99,floating,530.0,1.7502,0.029300000000000003,0.45,,,,,,,,,,,,,,,,,
synthetic_demo,LN_CP_0099_2,loan,revolver,CP_0099,Consumer Discretionary,EM,B,13443651.212786127,13443651.212786127,13443651.212786127,6.07,fixed,530.0,4.1324,0.029300000000000003,0.45,,,,,,,,,,,,,,,,,
synthetic_demo,LN_CP_0100_1,loan,term_loan,CP_0100,Industrials,US,BBB,41420389.94927622,41420389.94927622,41420389.94927622,6.61,floating,185.0,5.4939,0.0014000000000000002,0.45,,,,,,,,,,,,,,,,,
synthetic_demo,LN_CP_0101_1,loan,term_loan,CP_0101,Industrials,US,BBB,41459812.254035525,41459812.254035525,41459812.254035525,3.61,floating,185.0,3.211,0.0014000000000000002,0.45,,,,,,,,,,,,,,,,,
synthetic_demo,LN_CP_0102_1,loan,term_loan,CP_0102,Health Care,US,BB,29568301.078283295,29568301.078283295,29568301.078283295,2.07,fixed,314.0,1.8442,0.005600000000000001,0.25,,,,,,,,,,,,,,,,,
synthetic_demo,LN_CP_0103_1,loan,term_loan,CP_0103,Industrials,US,A,20602473.095790923,20602473.095790923,20602473.095790923,4.46,fixed,124.0,4.1518,0.0005,0.25,,,,,,,,,,,,,,,,,
synthetic_demo,LN_CP_0103_2,loan,revolver,CP_0103,Industrials,US,A,20602473.095790923,20602473.095790923,20602473.095790923,1.49,floating,124.0,1.4616,0.0005,0.25,,,,,,,,,,,,,,,,,
synthetic_demo,LN_CP_0104_1,loan,term_loan,CP_0104,Communication Services,US,A,42252204.673729874,42252204.673729874,42252204.673729874,6.35,floating,124.0,5.5504,0.0005,0.45,,,,,,,,,,,,,,,,,
synthetic_demo,LN_CP_0105_1,loan,term_loan,CP_0105,Information Technology,US,BBB,41505167.73771086,41505167.73771086,41505167.73771086,4.18,floating,185.0,3.8262,0.0014000000000000002,0.45,,,,,,,,,,,,,,,,,
synthetic_demo,LN_CP_0106_1,loan,term_loan,CP_0106,Energy,US,BBB,38176679.5174357,38176679.5174357,38176679.5174357,2.24,floating,185.0,2.1293,0.0014000000000000002,0.45,,,,,,,,,,,,,,,,,
synthetic_demo,LN_CP_0107_1,loan,term_loan,CP_0107,Consumer Staples,US,AA,20987445.233580016,20987445.233580016,20987445.233580016,3.45,floating,84.0,3.3478,0.0002,0.25,,,,,,,,,,,,,,,,,
synthetic_demo,LN_CP_0107_2,loan,revolver,CP_0107,Consumer Staples,US,AA,20987445.233580016,20987445.233580016,20987445.233580016,1.72,floating,84.0,1.7134,0.0002,0.45,,,,,,,,,,,,,,,,,
synthetic_demo,LN_CP_0108_1,loan,term_loan,CP_0108,Industrials,US,BBB,41472905.24426773,41472905.24426773,41472905.24426773,5.31,floating,185.0,4.5986,0.0014000000000000002,0.45,,,,,,,,,,,,,,,,,
synthetic_demo,LN_CP_0109_1,loan,term_loan,CP_0109,Utilities,US,BBB,36303135.45200937,36303135.45200937,36303135.45200937,4.42,fixed,185.0,4.0247,0.0014000000000000002,0.45,,,,,,,,,,,,,,,,,
synthetic_demo,LN_CP_0110_1,loan,term_loan,CP_0110,Consumer Discretionary,US,BBB,20139811.441227354,20139811.441227354,20139811.441227354,6.09,floating,185.0,5.1454,0.0014000000000000002,0.45,,,,,,,,,,,,,,,,,
synthetic_demo,LN_CP_0110_2,loan,revolver,CP_0110,Consumer Discretionary,US,BBB,20139811.441227354,20139811.441227354,20139811.441227354,5.79,floating,185.0,4.9672,0.0014000000000000002,0.45,,,,,,,,,,,,,,,,,
synthetic_demo,LN_CP_0111_1,loan,term_loan,CP_0111,Industrials,US,BBB,20727711.720085256,20727711.720085256,20727711.720085256,1.97,fixed,185.0,1.9039,0.0014000000000000002,0.25,,,,,,,,,,,,,,,,,
synthetic_demo,LN_CP_0111_2,loan,revolver,CP_0111,Industrials,US,BBB,20727711.720085256,20727711.720085256,20727711.720085256,3.39,fixed,185.0,3.2129,0.0014000000000000002,0.25,,,,,,,,,,,,,,,,,
synthetic_demo,LN_CP_0112_1,loan,term_loan,CP_0112,Consumer Discretionary,EUROPE,BB,26527650.808921307,26527650.808921307,26527650.808921307,4.36,fixed,314.0,3.5946,0.005600000000000001,0.25,,,,,,,,,,,,,,,,,
synthetic_demo,LN_CP_0113_1,loan,term_loan,CP_0113,Consumer Staples,US,A,18612109.42549904,18612109.42549904,18612109.42549904,3.56,fixed,124.0,3.2922,0.0005,0.45,,,,,,,,,,,,,,,,,
synthetic_demo,LN_CP_0113_2,loan,revolver,CP_0113,Consumer Staples,US,A,18612109.42549904,18612109.42549904,18612109.42549904,4.52,floating,124.0,4.1509,0.0005,0.45,,,,,,,,,,,,,,,,,
synthetic_demo,LN_CP_0114_1,loan,term_loan,CP_0114,Health Care,US,BB,14873877.772420311,14873877.772420311,14873877.772420311,1.35,fixed,314.0,1.1849,0.005600000000000001,0.45,,,,,,,,,,,,,,,,,
synthetic_demo,LN_CP_0114_2,loan,revolver,CP_0114,Health Care,US,BB,14873877.772420311,14873877.772420311,14873877.772420311,6.23,fixed,314.0,4.8801,0.005600000000000001,0.45,,,,,,,,,,,,,,,,,
synthetic_demo,LN_CP_0115_1,loan,term_loan,CP_0115,Consumer Staples,EUROPE,B,28105381.833910502,28105381.833910502,28105381.833910502,3.58,floating,530.0,2.7997,0.029300000000000003,0.45,,,,,,,,,,,,,,,,,
synthetic_demo,LN_CP_0116_1,loan,term_loan,CP_0116,Consumer Discretionary,US,AA,42246526.70626332,42246526.70626332,42246526.70626332,2.5,floating,84.0,2.4245,0.0002,0.45,,,,,,,,,,,,,,,,,
synthetic_demo,LN_CP_0117_1,loan,term_loan,CP_0117,Consumer Discretionary,US,A,40500274.107729524,40500274.107729524,40500274.107729524,2.09,floating,124.0,1.9325,0.0005,0.45,,,,,,,,,,,,,,,,,
synthetic_demo,LN_CP_0118_1,loan,term_loan,CP_0118,Consumer Discretionary,US,A,40718695.97445443,40718695.97445443,40718695.97445443,4.53,floating,124.0,4.1508,0.0005,0.25,,,,,,,,,,,,,,,,,
synthetic_demo,LN_CP_0119_1,loan,term_loan,CP_0119,Utilities,US,BBB,36694281.52688187,36694281.52688187,36694281.52688187,3.86,floating,185.0,3.4183,0.0014000000000000002,0.45,,,,,,,,,,,,,,,,,
synthetic_demo,LN_CP_0120_1,loan,term_loan,CP_0120,Information Technology,US,B,30587951.329758037,30587951.329758037,30587951.329758037,1.82,floating,530.0,1.5542,0.029300000000000003,0.25,,,,,,,,,,,,,,,,,
synthetic_demo,LN_CP_0121_1,loan,term_loan,CP_0121,Consumer Discretionary,EUROPE,B,26019189.916860744,26019189.916860744,26019189.916860744,5.45,floating,530.0,3.905,0.029300000000000003,0.25,,,,,,,,,,,,,,,,,
synthetic_demo,BD_CP_0008,bond,corporate_bond,CP_0008,Consumer Staples,US,A,32154106.58389158,32235620.421151973,32235620.421151973,8.86,,124.0,,0.0005,0.45,0.02625,0.025932,7.9723,72.0113,,,,,,,,,,,,,
synthetic_demo,BD_CP_0049,bond,corporate_bond,CP_0049,Consumer Staples,US,AA,37456565.929603465,37481585.09760832,37481585.09760832,12.85,,84.0,,0.0002,0.45,0.02375,0.02369,11.1294,141.1985,,,,,,,,,,,,,
synthetic_demo,BD_CP_0047,bond,corporate_bond,CP_0047,Consumer Discretionary,EM,BB,23140997.49379727,23170547.330578223,23170547.330578223,5.49,,314.0,,0.005600000000000001,0.45,0.04,0.039739,4.8944,27.8455,,,,,,,,,,,,,
synthetic_demo,BD_CP_0022,bond,corporate_bond,CP_0022,Materials,US,BBB,32887330.70314701,32875783.467492636,32875783.467492636,10.42,,185.0,,0.0014000000000000002,0.45,0.03375,0.03379,8.7791,89.678,,,,,,,,,,,,,
synthetic_demo,BD_CP_0069,bond,corporate_bond,CP_0069,Consumer Staples,US,AAA,37183858.26969767,37156644.2730305,37156644.2730305,2.03,,61.0,,0.0,0.45,0.00875,0.00912,1.9779,4.9117,,,,,,,,,,,,,
synthetic_demo,BD_CP_0056,bond,corporate_bond,CP_0056,Financials,US,BB,28640936.677363172,28624254.555509187,28624254.555509187,2.57,,314.0,,0.005600000000000001,0.45,0.035,0.035245,2.3736,6.9166,,,,,,,,,,,,,
synthetic_demo,BD_CP_0027,bond,corporate_bond,CP_0027,Industrials,US,BBB,33266309.657601785,33211630.992145095,33211630.992145095,5.31,,185.0,,0.0014000000000000002,0.45,0.02625,0.026573,5.0893,29.4799,,,,,,,,,,,,,
synthetic_demo,BD_CP_0062,bond,corporate_bond,CP_0062,Financials,US,BB,29637109.5827705,29507598.628940415,29507598.628940415,13.36,,314.0,,0.005600000000000001,0.45,0.04625,0.04669,9.9481,122.6653,,,,,,,,,,,,,
synthetic_demo,BD_CP_0035,bond,corporate_bond,CP_0035,Consumer Discretionary,US,A,32696903.859881997,32629467.310749542,32629467.310749542,12.78,,124.0,,0.0005,0.45,0.0275,0.02769,10.8646,136.445,,,,,,,,,,,,,
synthetic_demo,BD_CP_0067,bond,corporate_bond,CP_0067,Utilities,US,BBB,30570481.30783723,30558908.730920993,30558908.730920993,11.39,,185.0,,0.0014000000000000002,0.45,0.03375,0.03379,9.4652,104.8577,,,,,,,,,,,,,
synthetic_demo,BD_CP_0112,bond,corporate_bond,CP_0112,Consumer Discretionary,EUROPE,BB,21510184.280186098,21521503.499725617,21521503.499725617,9.67,,314.0,,0.005600000000000001,0.45,0.04625,0.046181,7.6187,69.3776,,,,,,,,,,,,,
synthetic_demo,BD_CP_0095,bond,corporate_bond,CP_0095,Consumer Staples,US,A,32199804.77242715,32297737.900525607,32297737.900525607,6.3,,124.0,,0.0005,0.45,0.0225,0.021995,6.018,40.7369,,,,,,,,,,,,,
synthetic_demo,BD_CP_0096,bond,corporate_bond,CP_0096,Industrials,US,A,33407376.15195167,33389783.094446357,33389783.094446357,2.71,,124.0,,0.0005,0.45,0.01625,0.016466,2.4399,7.2208,,,,,,,,,,,,,
synthetic_demo,BD_CP_0111,bond,corporate_bond,CP_0111,Industrials,US,BBB,33614502.99667427,33672781.283577606,33672781.283577606,5.69,,185.0,,0.0014000000000000002,0.45,0.0275,0.027159,5.0733,29.3491,,,,,,,,,,,,,
synthetic_demo,BD_CP_0070,bond,corporate_bond,CP_0070,Communication Services,US,BBB,36112854.63590965,36117203.132284306,36117203.132284306,2.63,,185.0,,0.0014000000000000002,0.45,0.0225,0.02245,2.4179,7.1196,,,,,,,,,,,,,
synthetic_demo,BD_CP_0007,bond,corporate_bond,CP_0007,Consumer Discretionary,US,BBB,32638913.94807211,32562860.745379277,32562860.745379277,5.4,,185.0,,0.0014000000000000002,0.45,0.02625,0.026708,5.0888,29.4749,,,,,,,,,,,,,
synthetic_demo,BD_CP_0075,bond,corporate_bond,CP_0075,Energy,US,A,34375263.66024143,34428597.502045214,34428597.502045214,9.76,,124.0,,0.0005,0.45,0.0275,0.027322,8.6929,86.1596,,,,,,,,,,,,,
synthetic_demo,BD_CP_0057,bond,corporate_bond,CP_0057,Consumer Staples,US,AA,28841823.330120683,28884718.060254455,28884718.060254455,4.97,,84.0,,0.0002,0.45,0.01625,0.015939,4.7845,25.7903,,,,,,,,,,,,,
synthetic_demo,BD_CP_0080,bond,corporate_bond,CP_0080,Consumer Staples,US,BBB,30470903.042743232,30444487.83557076,30444487.83557076,4.42,,185.0,,0.0014000000000000002,0.45,0.025,0.025205,4.2306,20.5438,,,,,,,,,,,,,
synthetic_demo,BD_CP_0116,bond,corporate_bond,CP_0116,Consumer Discretionary,US,AA,34255976.196125105,34321627.04628804,34321627.04628804,6.59,,84.0,,0.0002,0.45,0.01875,0.018436,6.0941,41.481,,,,,,,,,,,,,
synthetic_demo,BD_CP_0074,bond,corporate_bond,CP_0074,Communication Services,US,A,33631628.98294949,33573751.59897686,33573751.59897686,10.39,,124.0,,0.0005,0.45,0.0275,0.02769,9.0641,93.8694,,,,,,,,,,,,,
synthetic_demo,BD_CP_0105,bond,corporate_bond,CP_0105,Information Technology,US,BBB,33654838.60779524,33639506.67800259,33639506.67800259,14.73,,185.0,,0.0014000000000000002,0.45,0.03375,0.03379,11.3911,154.9534,,,,,,,,,,,,,
synthetic_demo,BD_CP_0014,bond,corporate_bond,CP_0014,Consumer Discretionary,US,A,33081163.25083581,33127836.662835665,33127836.662835665,8.13,,124.0,,0.0005,0.45,0.025,0.024804,7.2114,58.6687,,,,,,,,,,,,,
synthetic_demo,BD_CP_0009,bond,corporate_bond,CP_0009,Energy,US,A,35503978.3284333,35480067.312046506,35480067.312046506,4.29,,124.0,,0.0005,0.45,0.01875,0.018907,4.2957,21.0126,,,,,,,,,,,,,
synthetic_demo,BD_CP_0029,bond,corporate_bond,CP_0029,Information Technology,EUROPE,BB,26104823.641146015,25993828.3739472,25993828.3739472,12.94,,314.0,,0.005600000000000001,0.45,0.04625,0.04669,9.6792,115.5671,,,,,,,,,,,,,
synthetic_demo,BD_CP_0102,bond,corporate_bond,CP_0102,Health Care,US,BB,23975722.902383957,23999152.010871615,23999152.010871615,9.63,,314.0,,0.005600000000000001,0.45,0.04625,0.046122,7.6194,69.387,,,,,,,,,,,,,
synthetic_demo,BD_CP_0065,bond,corporate_bond,CP_0065,Consumer Discretionary,US,A,32691076.00188834,32673009.763961565,32673009.763961565,3.49,,124.0,,0.0005,0.45,0.0175,0.017664,3.3803,13.2862,,,,,,,,,,,,,
synthetic_demo,BD_CP_0016,bond,corporate_bond,CP_0016,Consumer Staples,US,AA,34879932.4477067,34899716.15034896,34899716.15034896,4.27,,84.0,,0.0002,0.45,0.015,0.014869,4.3361,21.3063,,,,,,,,,,,,,
synthetic_demo,BD_CP_0076,bond,corporate_bond,CP_0076,Industrials,US,BBB,33692120.671730906,33677607.820849426,33677607.820849426,13.31,,185.0,,0.0014000000000000002,0.45,0.03375,0.03379,10.7705,137.563,,,,,,,,,,,,,
synthetic_demo,BD_CP_0061,bond,corporate_bond,CP_0061,Consumer Discretionary,EM,BB,22833917.21474713,22840533.983230792,22840533.983230792,3.15,,314.0,,0.005600000000000001,0.45,0.03625,0.036147,2.8187,9.5453,,,,,,,,,,,,,
synthetic_demo,BD_CP_0100,bond,corporate_bond,CP_0100,Industrials,US,BBB,33586095.77544905,33627818.96235594,33627818.96235594,9.06,,185.0,,0.0014000000000000002,0.45,0.0325,0.03234,7.7506,69.1567,,,,,,,,,,,,,
synthetic_demo,BD_CP_0119,bond,corporate_bond,CP_0119,Utilities,US,BBB,29753888.248815984,29742226.733453423,29742226.733453423,11.78,,185.0,,0.0014000000000000002,0.45,0.03375,0.03379,9.7998,112.7539,,,,,,,,,,,,,
synthetic_demo,BD_CP_0005,bond,corporate_bond,CP_0005,Consumer Discretionary,EUROPE,B,21772801.938093122,21865899.11404249,21865899.11404249,14.79,,530.0,,0.029300000000000003,0.45,0.06875,0.06829,9.2826,116.8397,,,,,,,,,,,,,
synthetic_demo,BD_CP_0086,bond,corporate_bond,CP_0086,Consumer Staples,US,AA,35196000.292714685,35237685.251002096,35237685.251002096,2.42,,84.0,,0.0002,0.45,0.0125,0.012018,2.4544,7.2889,,,,,,,,,,,,,
synthetic_demo,BD_CP_0059,bond,corporate_bond,CP_0059,Communication Services,US,A,33837943.90895603,33985881.31124726,33985881.31124726,9.54,,124.0,,0.0005,0.45,0.0275,0.026975,8.3156,78.6989,,,,,,,,,,,,,
synthetic_demo,BD_CP_0117,bond,corporate_bond,CP_0117,Consumer Discretionary,US,A,32840011.5686963,32774461.92631062,32774461.92631062,12.67,,124.0,,0.0005,0.45,0.0275,0.02769,10.5143,127.461,,,,,,,,,,,,,
synthetic_demo,BD_CP_0030,bond,corporate_bond,CP_0030,Consumer Discretionary,US,A,33386548.724694256,33331469.36091697,33331469.36091697,10.12,,124.0,,0.0005,0.45,0.0275,0.02769,8.689,86.0987,,,,,,,,,,,,,
synthetic_demo,BD_CP_0079,bond,corporate_bond,CP_0079,Consumer Staples,US,BBB,30018106.59610163,30006743.12282278,30006743.12282278,11.45,,185.0,,0.0014000000000000002,0.45,0.03375,0.03379,9.4652,104.8577,,,,,,,,,,,,,
synthetic_demo,BD_CP_0104,bond,corporate_bond,CP_0104,Communication Services,US,A,34260580.22711988,34147161.52314365,34147161.52314365,9.32,,124.0,,0.0005,0.45,0.02625,0.026647,8.3562,79.2347,,,,,,,,,,,,,
synthetic_demo,BD_CP_0068,bond,corporate_bond,CP_0068,Energy,US,BBB,31675867.174541827,31654770.797601208,31654770.797601208,3.61,,185.0,,0.0014000000000000002,0.45,0.02375,0.02395,3.3391,13.0426,,,,,,,,,,,,,
synthetic_demo,BD_CP_0032,bond,corporate_bond,CP_0032,Consumer Staples,US,BBB,29977952.09148503,29967011.655401856,29967011.655401856,10.96,,185.0,,0.0014000000000000002,0.45,0.03375,0.03379,9.125,97.1627,,,,,,,,,,,,,
synthetic_demo,BD_CP_0024,bond,corporate_bond,CP_0024,Consumer Discretionary,US,AA,33985767.790428266,33989622.21479038,33989622.21479038,5.15,,84.0,,0.0002,0.45,0.01625,0.016226,4.7837,25.7819,,,,,,,,,,,,,
synthetic_demo,BD_CP_0089,bond,corporate_bond,CP_0089,Materials,US,BBB,32490004.146540776,32454870.889867626,32454870.889867626,2.91,,185.0,,0.0014000000000000002,0.45,0.0225,0.022875,2.8847,9.8893,,,,,,,,,,,,,
synthetic_demo,BD_CP_0078,bond,corporate_bond,CP_0078,Consumer Discretionary,US,BBB,33865174.7782507,33771905.79088305,33771905.79088305,6.24,,185.0,,0.0014000000000000002,0.45,0.0275,0.028002,5.4944,34.3377,,,,,,,,,,,,,
synthetic_demo,BD_CP_0036,bond,corporate_bond,CP_0036,Energy,US,BBB,31824724.866045006,31853974.435550235,31853974.435550235,2.42,,185.0,,0.0014000000000000002,0.45,0.0225,0.02212,2.4183,7.122,,,,,,,,,,,,,
synthetic_demo,BD_CP_0063,bond,corporate_bond,CP_0063,Energy,US,AAA,38145668.088538885,38238572.19211464,38238572.19211464,4.67,,61.0,,0.0,0.45,0.01375,0.013191,4.3505,21.4129,,,,,,,,,,,,,
synthetic_demo,BD_CP_0071,bond,corporate_bond,CP_0071,Consumer Staples,US,BBB,29906698.446965843,29895377.1476836,29895377.1476836,11.51,,185.0,,0.0014000000000000002,0.45,0.03375,0.03379,9.4652,104.8577,,,,,,,,,,,,,
synthetic_demo,BD_CP_0115,bond,corporate_bond,CP_0115,Consumer Staples,EUROPE,B,22789501.67381943,22773632.62401729,22773632.62401729,4.73,,530.0,,0.029300000000000003,0.45,0.06,0.060179,3.8925,18.15,,,,,,,,,,,,,
synthetic_demo,BD_CP_0099,bond,corporate_bond,CP_0099,Consumer Discretionary,EM,B,21801811.028689094,21876109.861289095,21876109.861289095,10.44,,530.0,,0.029300000000000003,0.45,0.06875,0.06829,7.3994,69.9302,,,,,,,,,,,,,
synthetic_demo,BD_CP_0091,bond,corporate_bond,CP_0091,Consumer Staples,EUROPE,B,20778207.574347448,20859704.67083155,20859704.67083155,13.17,,530.0,,0.029300000000000003,0.45,0.06875,0.06829,8.5153,95.7405,,,,,,,,,,,,,
synthetic_demo,BD_CP_0018,bond,corporate_bond,CP_0018,Health Care,US,B,24031504.105521873,24079998.916245684,24079998.916245684,4.28,,530.0,,0.029300000000000003,0.45,0.06,0.059482,3.8946,18.167,,,,,,,,,,,,,
synthetic_demo,BD_CP_0097,bond,corporate_bond,CP_0097,Energy,US,BBB,31997150.384969976,31907256.864063762,31907256.864063762,7.8,,185.0,,0.0014000000000000002,0.45,0.03,0.030398,7.0628,56.9329,,,,,,,,,,,,,
synthetic_demo,BD_CP_0013,bond,corporate_bond,CP_0013,Communication Services,US,BBB,31375810.89023886,31362295.78772655,31362295.78772655,13.25,,185.0,,0.0014000000000000002,0.45,0.03375,0.03379,10.7705,137.563,,,,,,,,,,,,,
synthetic_demo,BD_CP_0093,bond,corporate_bond,CP_0093,Materials,US,BB,32445435.436473656,32303652.403311305,32303652.403311305,13.7,,314.0,,0.005600000000000001,0.45,0.04625,0.04669,9.9481,122.6653,,,,,,,,,,,,,
synthetic_demo,BD_CP_0058,bond,corporate_bond,CP_0058,Consumer Discretionary,EUROPE,BB,21623263.35520274,21638802.559009146,21638802.559009146,6.38,,314.0,,0.005600000000000001,0.45,0.04125,0.041123,5.6515,37.1835,,,,,,,,,,,,,
synthetic_demo,BD_CP_0026,bond,corporate_bond,CP_0026,Consumer Staples,US,AA,35536198.06040076,35554377.60116,35554377.60116,5.1,,84.0,,0.0002,0.45,0.01625,0.016143,4.7839,25.7843,,,,,,,,,,,,,
synthetic_demo,BD_CP_0053,bond,corporate_bond,CP_0053,Consumer Staples,US,AAA,38596076.559129514,38505462.28874795,38505462.28874795,4.58,,61.0,,0.0,0.45,0.0125,0.013039,4.3612,21.4846,,,,,,,,,,,,,
synthetic_demo,BD_CP_0025,bond,corporate_bond,CP_0025,Financials,US,BB,28466574.126171727,28405505.714579325,28405505.714579325,4.37,,314.0,,0.005600000000000001,0.45,0.0375,0.038023,4.1041,19.6386,,,,,,,,,,,,,
synthetic_demo,BD_CP_0083,bond,corporate_bond,CP_0083,Information Technology,US,BBB,33842985.10960219,33827567.467053935,33827567.467053935,14.25,,185.0,,0.0014000000000000002,0.45,0.03375,0.03379,11.3911,154.9534,,,,,,,,,,,,,
synthetic_demo,BD_CP_0072,bond,corporate_bond,CP_0072,Consumer Discretionary,EUROPE,BB,23071037.44494839,23074417.542643405,23074417.542643405,2.37,,314.0,,0.005600000000000001,0.45,0.035,0.034938,2.374,6.9188,,,,,,,,,,,,,
synthetic_demo,BD_CP_0103,bond,corporate_bond,CP_0103,Industrials,US,A,33411401.266560867,33311033.575201,33311033.575201,6.93,,124.0,,0.0005,0.45,0.0225,0.022967,6.4408,46.5986,,,,,,,,,,,,,
synthetic_demo,BD_CP_0085,bond,corporate_bond,CP_0085,Consumer Discretionary,EM,B,23968679.093894158,24043834.465112273,24043834.465112273,9.18,,530.0,,0.029300000000000003,0.45,0.0675,0.06703,6.6689,55.5794,,,,,,,,,,,,,
synthetic_demo,BD_CP_0108,bond,corporate_bond,CP_0108,Industrials,US,BBB,33628678.274778984,33744276.552019276,33744276.552019276,6.35,,185.0,,0.0014000000000000002,0.45,0.02875,0.028168,5.8932,39.5208,,,,,,,,,,,,,
synthetic_demo,BD_CP_0019,bond,corporate_bond,CP_0019,Consumer Staples,US,A,31744246.255136997,31737108.709973454,31737108.709973454,3.42,,124.0,,0.0005,0.45,0.0175,0.017567,3.3805,13.2876,,,,,,,,,,,,,
synthetic_demo,BD_CP_0015,bond,corporate_bond,CP_0015,Consumer Discretionary,US,A,34418067.42684521,34492786.52320898,34492786.52320898,3.83,,124.0,,0.0005,0.45,0.01875,0.018185,3.8376,16.9277,,,,,,,,,,,,,
synthetic_demo,BD_CP_0055,bond,corporate_bond,CP_0055,Information Technology,US,B,24880267.27473487,24855476.085242867,24855476.085242867,4.77,,530.0,,0.029300000000000003,0.45,0.06,0.060234,4.2643,21.7592,,,,,,,,,,,,,
synthetic_demo,BD_CP_0037,bond,corporate_bond,CP_0037,Consumer Discretionary,US,A,32884841.85904133,32863154.05205566,32863154.05205566,3.51,,124.0,,0.0005,0.45,0.0175,0.017695,3.3803,13.2858,,,,,,,,,,,,,
synthetic_demo,BD_CP_0073,bond,corporate_bond,CP_0073,Utilities,US,BBB,31302586.618018877,31270893.89899423,31270893.89899423,2.19,,185.0,,0.0014000000000000002,0.45,0.02125,0.02177,1.9475,4.7908,,,,,,,,,,,,,
synthetic_demo,BD_CP_0114,bond,corporate_bond,CP_0114,Health Care,US,BB,24121235.17082246,24134618.419994894,24134618.419994894,2.25,,314.0,,0.005600000000000001,0.45,0.035,0.034766,2.3742,6.92,,,,,,,,,,,,,
synthetic_demo,BD_CP_0039,bond,corporate_bond,CP_0039,Communication Services,US,A,31408912.20047584,31519024.432185654,31519024.432185654,9.6,,124.0,,0.0005,0.45,0.0275,0.027079,8.3146,78.684,,,,,,,,,,,,,
synthetic_demo,BD_CP_0077,bond,corporate_bond,CP_0077,Financials,US,BB,28631379.270860367,28574905.689599298,28574905.689599298,3.61,,314.0,,0.005600000000000001,0.45,0.03625,0.036856,3.2583,12.5672,,,,,,,,,,,,,
synthetic_demo,BD_CP_0066,bond,corporate_bond,CP_0066,Industrials,US,BBB,33815477.56646574,33800911.579712056,33800911.579712056,13.74,,185.0,,0.0014000000000000002,0.45,0.03375,0.03379,10.7705,137.563,,,,,,,,,,,,,
synthetic_demo,BD_CP_0082,bond,corporate_bond,CP_0082,Financials,US,BB,27793432.179751314,27685561.249097176,27685561.249097176,11.73,,314.0,,0.005600000000000001,0.45,0.04625,0.04669,8.8343,94.9301,,,,,,,,,,,,,
synthetic_demo,UST_2Y,bond,sovereign_bond,SOV_US,Sovereign,US,AA,125000000.0,124881913.66478579,124881913.66478579,2.0,,0.0,,0.0,0.0,0.0025,0.002974,1.9933,4.9727,,,,,,,,,,,,,
synthetic_demo,UST_3Y,bond,sovereign_bond,SOV_US,Sovereign,US,AA,125000000.0,125180971.65642795,125180971.65642795,3.0,,0.0,,0.0,0.0,0.005,0.004514,2.9747,10.3663,,,,,,,,,,,,,
synthetic_demo,UST_5Y,bond,sovereign_bond,SOV_US,Sovereign,US,AA,125000000.0,124943337.1192392,124943337.1192392,5.0,,0.0,,0.0,0.0,0.0075,0.007593,4.8982,26.6872,,,,,,,,,,,,,
synthetic_demo,UST_7Y,bond,sovereign_bond,SOV_US,Sovereign,US,AA,125000000.0,125486461.77933946,125486461.77933946,7.0,,0.0,,0.0,0.0,0.01125,0.010672,6.7159,49.4941,,,,,,,,,,,,,
synthetic_demo,UST_10Y,bond,sovereign_bond,SOV_US,Sovereign,US,AA,125000000.0,124665036.0637276,124665036.0637276,10.0,,0.0,,0.0,0.0,0.015,0.01529,9.2515,94.1208,,,,,,,,,,,,,
synthetic_demo,UST_20Y,bond,sovereign_bond,SOV_US,Sovereign,US,AA,125000000.0,124377397.59714657,124377397.59714657,20.0,,0.0,,0.0,0.0,0.015,0.01529,17.2128,333.1568,,,,,,,,,,,,,
synthetic_demo,IRS_01,derivative,irs,CP_0001,Rates,US,A,25000000.0,,0.0,5.0,,,,,,,,,,0.007593,receive_fixed,12242.92,,,,,,,,,,
synthetic_demo,IRS_02,derivative,irs,CP_0002,Rates,US,A,25000000.0,,0.0,3.0,,,,,,,,,,0.004514,receive_fixed,7441.11,,,,,,,,,,
synthetic_demo,IRS_03,derivative,irs,CP_0003,Rates,US,A,25000000.0,,0.0,7.0,,,,,,,,,,0.010672,receive_fixed,16819.17,,,,,,,,,,
synthetic_demo,IRS_04,derivative,irs,CP_0004,Rates,US,A,25000000.0,,0.0,10.0,,,,,,,,,,0.01529,pay_fixed,23100.93,,,,,,,,,,
synthetic_demo,IRS_05,derivative,irs,CP_0005,Rates,US,A,25000000.0,,0.0,7.0,,,,,,,,,,0.010672,pay_fixed,16819.17,,,,,,,,,,
synthetic_demo,IRS_06,derivative,irs,CP_0006,Rates,US,A,25000000.0,,0.0,10.0,,,,,,,,,,0.01529,pay_fixed,23100.93,,,,,,,,,,
synthetic_demo,IRS_07,derivative,irs,CP_0007,Rates,US,A,25000000.0,,0.0,10.0,,,,,,,,,,0.01529,receive_fixed,23100.93,,,,,,,,,,
synthetic_demo,IRS_08,derivative,irs,CP_0008,Rates,US,A,25000000.0,,0.0,5.0,,,,,,,,,,0.007593,receive_fixed,12242.92,,,,,,,,,,
synthetic_demo,IRS_09,derivative,irs,CP_0009,Rates,US,A,25000000.0,,0.0,10.0,,,,,,,,,,0.01529,receive_fixed,23100.93,,,,,,,,,,
synthetic_demo,IRS_10,derivative,irs,CP_0010,Rates,US,A,25000000.0,,0.0,3.0,,,,,,,,,,0.004514,receive_fixed,7441.11,,,,,,,,,,
synthetic_demo,IRS_11,derivative,irs,CP_0011,Rates,US,A,25000000.0,,0.0,2.0,,,,,,,,,,0.002974,receive_fixed,4981.47,,,,,,,,,,
synthetic_demo,IRS_12,derivative,irs,CP_0012,Rates,US,A,25000000.0,,0.0,3.0,,,,,,,,,,0.004514,pay_fixed,7441.11,,,,,,,,,,
synthetic_demo,IRS_13,derivative,irs,CP_0013,Rates,US,A,25000000.0,,0.0,2.0,,,,,,,,,,0.002974,receive_fixed,4981.47,,,,,,,,,,
synthetic_demo,IRS_14,derivative,irs,CP_0014,Rates,US,A,25000000.0,,0.0,5.0,,,,,,,,,,0.007593,pay_fixed,12242.92,,,,,,,,,,
synthetic_demo,IRS_15,derivative,irs,CP_0015,Rates,US,A,25000000.0,,0.0,10.0,,,,,,,,,,0.01529,receive_fixed,23100.93,,,,,,,,,,
synthetic_demo,IRS_16,derivative,irs,CP_0016,Rates,US,A,25000000.0,,0.0,5.0,,,,,,,,,,0.007593,pay_fixed,12242.92,,,,,,,,,,
synthetic_demo,IRS_17,derivative,irs,CP_0017,Rates,US,A,25000000.0,,0.0,7.0,,,,,,,,,,0.010672,pay_fixed,16819.17,,,,,,,,,,
synthetic_demo,IRS_18,derivative,irs,CP_0018,Rates,US,A,25000000.0,,0.0,2.0,,,,,,,,,,0.002974,pay_fixed,4981.47,,,,,,,,,,
synthetic_demo,IRS_19,derivative,irs,CP_0019,Rates,US,A,25000000.0,,0.0,5.0,,,,,,,,,,0.007593,pay_fixed,12242.92,,,,,,,,,,
synthetic_demo,IRS_20,derivative,irs,CP_0020,Rates,US,A,25000000.0,,0.0,10.0,,,,,,,,,,0.01529,pay_fixed,23100.93,,,,,,,,,,
synthetic_demo,IRS_21,derivative,irs,CP_0021,Rates,US,A,25000000.0,,0.0,5.0,,,,,,,,,,0.007593,receive_fixed,12242.92,,,,,,,,,,
synthetic_demo,IRS_22,derivative,irs,CP_0022,Rates,US,A,25000000.0,,0.0,2.0,,,,,,,,,,0.002974,receive_fixed,4981.47,,,,,,,,,,
synthetic_demo,IRS_23,derivative,irs,CP_0023,Rates,US,A,25000000.0,,0.0,7.0,,,,,,,,,,0.010672,pay_fixed,16819.17,,,,,,,,,,
synthetic_demo,IRS_24,derivative,irs,CP_0024,Rates,US,A,25000000.0,,0.0,3.0,,,,,,,,,,0.004514,pay_fixed,7441.11,,,,,,,,,,
synthetic_demo,FXF_EUR_01,derivative,fx_forward,CP_0001,FX,US,A,20000000.0,,0.0,1.0,,,,,,,,,,,short_foreign,,EUR,,,,,,,,,
synthetic_demo,FXF_GBP_02,derivative,fx_forward,CP_0008,FX,US,A,20000000.0,,0.0,0.25,,,,,,,,,,,long_foreign,,GBP,,,,,,,,,
synthetic_demo,FXF_JPY_03,derivative,fx_forward,CP_0015,FX,US,A,20000000.0,,0.0,0.5,,,,,,,,,,,short_foreign,,JPY,,,,,,,,,
synthetic_demo,FXF_EUR_04,derivative,fx_forward,CP_0022,FX,US,A,20000000.0,,0.0,0.5,,,,,,,,,,,short_foreign,,EUR,,,,,,,,,
synthetic_demo,FXF_GBP_05,derivative,fx_forward,CP_0029,FX,US,A,20000000.0,,0.0,1.0,,,,,,,,,,,short_foreign,,GBP,,,,,,,,,
synthetic_demo,FXF_JPY_06,derivative,fx_forward,CP_0036,FX,US,A,20000000.0,,0.0,0.25,,,,,,,,,,,short_foreign,,JPY,,,,,,,,,
synthetic_demo,FXF_EUR_07,derivative,fx_forward,CP_0043,FX,US,A,20000000.0,,0.0,0.25,,,,,,,,,,,short_foreign,,EUR,,,,,,,,,
synthetic_demo,FXF_GBP_08,derivative,fx_forward,CP_0050,FX,US,A,20000000.0,,0.0,0.5,,,,,,,,,,,long_foreign,,GBP,,,,,,,,,
synthetic_demo,FXF_JPY_09,derivative,fx_forward,CP_0057,FX,US,A,20000000.0,,0.0,0.5,,,,,,,,,,,short_foreign,,JPY,,,,,,,,,
synthetic_demo,FXF_EUR_10,derivative,fx_forward,CP_0064,FX,US,A,20000000.0,,0.0,1.0,,,,,,,,,,,long_foreign,,EUR,,,,,,,,,
synthetic_demo,FXF_GBP_11,derivative,fx_forward,CP_0071,FX,US,A,20000000.0,,0.0,1.0,,,,,,,,,,,short_foreign,,GBP,,,,,,,,,
synthetic_demo,FXF_JPY_12,derivative,fx_forward,CP_0078,FX,US,A,20000000.0,,0.0,1.0,,,,,,,,,,,short_foreign,,JPY,,,,,,,,,
synthetic_demo,FXF_EUR_13,derivative,fx_forward,CP_0085,FX,US,A,20000000.0,,0.0,0.25,,,,,,,,,,,short_foreign,,EUR,,,,,,,,,
synthetic_demo,FXF_GBP_14,derivative,fx_forward,CP_0092,FX,US,A,20000000.0,,0.0,0.5,,,,,,,,,,,short_foreign,,GBP,,,,,,,,,
synthetic_demo,FXF_JPY_15,derivative,fx_forward,CP_0099,FX,US,A,20000000.0,,0.0,1.0,,,,,,,,,,,short_foreign,,JPY,,,,,,,,,
synthetic_demo,CDS_CP_0035,derivative,cds,CP_0035,Consumer Discretionary,US,A,10000000.0,,0.0,5.0,,124.0,,0.0005,,,,,,,protection_bought,,,4565.18,,,,,,,,
synthetic_demo,CDS_CP_0027,derivative,cds,CP_0027,Industrials,US,BBB,10000000.0,,0.0,5.0,,185.0,,0.0014000000000000002,,,,,,,protection_sold,,,4410.79,,,,,,,,
synthetic_demo,CDS_CP_0118,derivative,cds,CP_0118,Consumer Discretionary,US,A,10000000.0,,0.0,5.0,,124.0,,0.0005,,,,,,,protection_bought,,,4565.18,,,,,,,,
synthetic_demo,CDS_CP_0097,derivative,cds,CP_0097,Energy,US,BBB,10000000.0,,0.0,5.0,,185.0,,0.0014000000000000002,,,,,,,protection_sold,,,4410.79,,,,,,,,
synthetic_demo,CDS_CP_0085,derivative,cds,CP_0085,Consumer Discretionary,EM,B,10000000.0,,0.0,5.0,,530.0,,0.029300000000000003,,,,,,,protection_sold,,,3656.91,,,,,,,,
synthetic_demo,CDS_CP_0037,derivative,cds,CP_0037,Consumer Discretionary,US,A,10000000.0,,0.0,5.0,,124.0,,0.0005,,,,,,,protection_bought,,,4565.18,,,,,,,,
synthetic_demo,CDS_CP_0010,derivative,cds,CP_0010,Utilities,US,A,10000000.0,,0.0,5.0,,124.0,,0.0005,,,,,,,protection_sold,,,4565.18,,,,,,,,
synthetic_demo,CDS_CP_0076,derivative,cds,CP_0076,Industrials,US,BBB,10000000.0,,0.0,5.0,,185.0,,0.0014000000000000002,,,,,,,protection_sold,,,4410.79,,,,,,,,
synthetic_demo,CDS_CP_0024,derivative,cds,CP_0024,Consumer Discretionary,US,AA,10000000.0,,0.0,5.0,,84.0,,0.0002,,,,,,,protection_bought,,,4670.3,,,,,,,,
synthetic_demo,CDS_CP_0095,derivative,cds,CP_0095,Consumer Staples,US,A,10000000.0,,0.0,5.0,,124.0,,0.0005,,,,,,,protection_bought,,,4565.18,,,,,,,,
synthetic_demo,CDS_CP_0078,derivative,cds,CP_0078,Consumer Discretionary,US,BBB,10000000.0,,0.0,5.0,,185.0,,0.0014000000000000002,,,,,,,protection_sold,,,4410.79,,,,,,,,
synthetic_demo,CDS_CP_0098,derivative,cds,CP_0098,Materials,US,BB,10000000.0,,0.0,5.0,,314.0,,0.005600000000000001,,,,,,,protection_sold,,,4106.43,,,,,,,,
synthetic_demo,CDS_CP_0074,derivative,cds,CP_0074,Communication Services,US,A,10000000.0,,0.0,5.0,,124.0,,0.0005,,,,,,,protection_bought,,,4565.18,,,,,,,,
synthetic_demo,CDS_CP_0104,derivative,cds,CP_0104,Communication Services,US,A,10000000.0,,0.0,5.0,,124.0,,0.0005,,,,,,,protection_sold,,,4565.18,,,,,,,,
synthetic_demo,CDS_CP_0116,derivative,cds,CP_0116,Consumer Discretionary,US,AA,10000000.0,,0.0,5.0,,84.0,,0.0002,,,,,,,protection_bought,,,4670.3,,,,,,,,
synthetic_demo,CDS_CP_0012,derivative,cds,CP_0012,Energy,US,BBB,10000000.0,,0.0,5.0,,185.0,,0.0014000000000000002,,,,,,,protection_bought,,,4410.79,,,,,,,,
synthetic_demo,CDS_CP_0049,derivative,cds,CP_0049,Consumer Staples,US,AA,10000000.0,,0.0,5.0,,84.0,,0.0002,,,,,,,protection_sold,,,4670.3,,,,,,,,
synthetic_demo,CDS_CP_0087,derivative,cds,CP_0087,Energy,US,AA,10000000.0,,0.0,5.0,,84.0,,0.0002,,,,,,,protection_bought,,,4670.3,,,,,,,,
synthetic_demo,CDS_CP_0042,derivative,cds,CP_0042,Consumer Discretionary,EM,CCC,10000000.0,,0.0,5.0,,1482.0,,0.2612,,,,,,,protection_bought,,,2317.02,,,,,,,,
synthetic_demo,CDS_CP_0070,derivative,cds,CP_0070,Communication Services,US,BBB,10000000.0,,0.0,5.0,,185.0,,0.0014000000000000002,,,,,,,protection_bought,,,4410.79,,,,,,,,
synthetic_demo,CDS_CP_0113,derivative,cds,CP_0113,Consumer Staples,US,A,10000000.0,,0.0,5.0,,124.0,,0.0005,,,,,,,protection_bought,,,4565.18,,,,,,,,
synthetic_demo,CDS_CP_0056,derivative,cds,CP_0056,Financials,US,BB,10000000.0,,0.0,5.0,,314.0,,0.005600000000000001,,,,,,,protection_bought,,,4106.43,,,,,,,,
synthetic_demo,CDS_CP_0036,derivative,cds,CP_0036,Energy,US,BBB,10000000.0,,0.0,5.0,,185.0,,0.0014000000000000002,,,,,,,protection_sold,,,4410.79,,,,,,,,
synthetic_demo,CDS_CP_0111,derivative,cds,CP_0111,Industrials,US,BBB,10000000.0,,0.0,5.0,,185.0,,0.0014000000000000002,,,,,,,protection_bought,,,4410.79,,,,,,,,
synthetic_demo,CDS_CP_0069,derivative,cds,CP_0069,Consumer Staples,US,AAA,10000000.0,,0.0,5.0,,61.0,,0.0,,,,,,,protection_bought,,,4732.19,,,,,,,,
synthetic_demo,CDS_CP_0028,derivative,cds,CP_0028,Financials,US,BB,10000000.0,,0.0,5.0,,314.0,,0.005600000000000001,,,,,,,protection_bought,,,4106.43,,,,,,,,
synthetic_demo,CDS_CP_0083,derivative,cds,CP_0083,Information Technology,US,BBB,10000000.0,,0.0,5.0,,185.0,,0.0014000000000000002,,,,,,,protection_bought,,,4410.79,,,,,,,,
synthetic_demo,CDS_CP_0068,derivative,cds,CP_0068,Energy,US,BBB,10000000.0,,0.0,5.0,,185.0,,0.0014000000000000002,,,,,,,protection_sold,,,4410.79,,,,,,,,
synthetic_demo,CDS_CP_0008,derivative,cds,CP_0008,Consumer Staples,US,A,10000000.0,,0.0,5.0,,124.0,,0.0005,,,,,,,protection_sold,,,4565.18,,,,,,,,
synthetic_demo,CDS_CP_0103,derivative,cds,CP_0103,Industrials,US,A,10000000.0,,0.0,5.0,,124.0,,0.0005,,,,,,,protection_sold,,,4565.18,,,,,,,,
synthetic_demo,OPT_INDU_01,derivative,equity_option,CP_0001,Industrials,US,A,12500000.0,,-599299.14,0.5,,,,,,,,,,,,,,,call,1.0,0.1698,-125000.0,-65550.3607,-4145.019052,-3519585.9775,
synthetic_demo,OPT_MATE_02,derivative,equity_option,CP_0012,Materials,US,A,12500000.0,,100787.26,0.25,,,,,,,,,,,,,,,call,1.1,0.1885,125000.0,20955.0981,3326.61549,1567446.4197,
synthetic_demo,OPT_INFO_03,derivative,equity_option,CP_0023,Information Technology,US,A,12500000.0,,970502.61,1.0,,,,,,,,,,,,,,,call,1.0,0.1946,125000.0,67415.8465,2550.145703,4962529.222,
synthetic_demo,OPT_COMM_04,derivative,equity_option,CP_0034,Communication Services,US,A,12500000.0,,-1584398.17,1.0,,,,,,,,,,,,,,,call,0.9,0.1709,-125000.0,-94891.7989,-2277.952037,-3893542.1338,
synthetic_demo,OPT_CONS_05,derivative,equity_option,CP_0045,Consumer Discretionary,US,A,12500000.0,,200433.72,0.5,,,,,,,,,,,,,,,call,1.1,0.1731,125000.0,29612.7928,3152.14596,2728281.717,
synthetic_demo,OPT_CONS_06,derivative,equity_option,CP_0056,Consumer Staples,US,A,12500000.0,,-562493.06,1.0,,,,,,,,,,,,,,,put,1.0,0.1132,-125000.0,59555.2837,-4396.677949,-4978081.6321,
synthetic_demo,OPT_HEAL_07,derivative,equity_option,CP_0067,Health Care,US,A,12500000.0,,-69033.47,0.5,,,,,,,,,,,,,,,put,0.9,0.1306,-125000.0,14666.2383,-2664.609822,-1740236.1492,
synthetic_demo,OPT_FINA_08,derivative,equity_option,CP_0078,Financials,US,A,12500000.0,,1504266.14,0.5,,,,,,,,,,,,,,,call,0.9,0.2123,125000.0,97710.4052,2454.830478,2605591.2991,
synthetic_demo,OPT_UTIL_09,derivative,equity_option,CP_0089,Utilities,US,A,12500000.0,,1522564.5,1.0,,,,,,,,,,,,,,,call,0.9,0.1547,125000.0,97050.8799,2414.291755,3735578.9,
synthetic_demo,OPT_ENER_10,derivative,equity_option,CP_0100,Energy,US,A,12500000.0,,-703133.92,0.5,,,,,,,,,,,,,,,put,0.9,0.3682,-125000.0,37024.8418,-1659.465867,-3055394.341,
synthetic_demo,OPT_REAL_11,derivative,equity_option,CP_0111,Real Estate,US,A,12500000.0,,521025.28,0.5,,,,,,,,,,,,,,,call,1.0,0.1476,125000.0,65167.7359,4771.579657,3521138.0026,
synthetic_demo,OPT_INDU_12,derivative,equity_option,CP_0001,Industrials,US,A,12500000.0,,599299.14,0.5,,,,,,,,,,,,,,,call,1.0,0.1698,125000.0,65550.3607,4145.019052,3519585.9775,
synthetic_demo,TRS_INDU_01,derivative,equity_trs,CP_0001,Industrials,US,A,18750000.0,,0.0,1.0,,,,,,,,,,,pay_equity,,,,,,,,,,,
synthetic_demo,TRS_COMM_02,derivative,equity_trs,CP_0014,Communication Services,US,A,18750000.0,,0.0,1.0,,,,,,,,,,,receive_equity,,,,,,,,,,,
synthetic_demo,TRS_HEAL_03,derivative,equity_trs,CP_0027,Health Care,US,A,18750000.0,,0.0,1.0,,,,,,,,,,,receive_equity,,,,,,,,,,,
synthetic_demo,TRS_ENER_04,derivative,equity_trs,CP_0040,Energy,US,A,18750000.0,,0.0,1.0,,,,,,,,,,,receive_equity,,,,,,,,,,,
synthetic_demo,TRS_MATE_05,derivative,equity_trs,CP_0053,Materials,US,A,18750000.0,,0.0,1.0,,,,,,,,,,,receive_equity,,,,,,,,,,,
synthetic_demo,TRS_CONS_06,derivative,equity_trs,CP_0066,Consumer Discretionary,US,A,18750000.0,,0.0,1.0,,,,,,,,,,,pay_equity,,,,,,,,,,,
synthetic_demo,TRS_FINA_07,derivative,equity_trs,CP_0079,Financials,US,A,18750000.0,,0.0,1.0,,,,,,,,,,,pay_equity,,,,,,,,,,,
synthetic_demo,TRS_REAL_08,derivative,equity_trs,CP_0092,Real Estate,US,A,18750000.0,,0.0,1.0,,,,,,,,,,,receive_equity,,,,,,,,,,,
synthetic_demo,EQ_INDUST,equity,sector_basket,,Industrials,US,,90909090.9090909,,90909090.9090909,,,,,,,,,,,,,,,,,,,,,,,0.94
synthetic_demo,EQ_MATERI,equity,sector_basket,,Materials,US,,90909090.9090909,,90909090.9090909,,,,,,,,,,,,,,,,,,,,,,,0.996
synthetic_demo,EQ_INFORM,equity,sector_basket,,Information Technology,US,,90909090.9090909,,90909090.9090909,,,,,,,,,,,,,,,,,,,,,,,1.26
synthetic_demo,EQ_COMMUN,equity,sector_basket,,Communication Services,US,,90909090.9090909,,90909090.9090909,,,,,,,,,,,,,,,,,,,,,,,1.015
synthetic_demo,EQ_CONSUM,equity,sector_basket,,Consumer Discretionary,US,,90909090.9090909,,90909090.9090909,,,,,,,,,,,,,,,,,,,,,,,1.098
synthetic_demo,EQ_CONSUM,equity,sector_basket,,Consumer Staples,US,,90909090.9090909,,90909090.9090909,,,,,,,,,,,,,,,,,,,,,,,0.552
synthetic_demo,EQ_HEALTH,equity,sector_basket,,Health Care,US,,90909090.9090909,,90909090.9090909,,,,,,,,,,,,,,,,,,,,,,,0.696
synthetic_demo,EQ_FINANC,equity,sector_basket,,Financials,US,,90909090.9090909,,90909090.9090909,,,,,,,,,,,,,,,,,,,,,,,1.036
synthetic_demo,EQ_UTILIT,equity,sector_basket,,Utilities,US,,90909090.9090909,,90909090.9090909,,,,,,,,,,,,,,,,,,,,,,,0.554
synthetic_demo,EQ_ENERGY,equity,sector_basket,,Energy,US,,90909090.9090909,,90909090.9090909,,,,,,,,,,,,,,,,,,,,,,,1.332
synthetic_demo,EQ_REALE,equity,sector_basket,,Real Estate,US,,90909090.9090909,,90909090.9090909,,,,,,,,,,,,,,,,,,,,,,,0.71
